temperature,humidity,top_ice_accepted,water_sprinkle_accepted,ethylene_ppm,C02,Oxygen,shelf_life
40,90,0,0,0,0,50000,6
40.14141,90.05051,0,0,0.010101,1010.101,50303.03,6.25
40.28283,90.10101,0,0,0.020202,2020.202,50606.06,6.5
40.42424,90.15152,0,0,0.030303,3030.303,50909.09,6.75
40.56566,90.20202,0,0,0.040404,4040.404,51212.12,7
40.70707,90.25253,0,0,0.050505,5050.505,51515.15,6
40.84848,90.30303,0,0,0.060606,6060.606,51818.18,6.25
40.9899,90.35354,0,0,0.070707,7070.707,52121.21,6.5
41.13131,90.40404,0,0,0.080808,8080.808,52424.24,6.75
41.27273,90.45455,0,0,0.090909,9090.909,52727.27,7
41.41414,90.50505,0,0,0.10101,10101.01,53030.3,6
41.55556,90.55556,0,0,0.111111,11111.11,53333.33,6.25
41.69697,90.60606,0,0,0.121212,12121.21,53636.36,6.5
41.83838,90.65657,0,0,0.131313,13131.31,53939.39,6.75
41.9798,90.70707,0,0,0.141414,14141.41,54242.42,7
42.12121,90.75758,0,0,0.151515,15151.52,54545.45,6
42.26263,90.80808,0,0,0.161616,16161.62,54848.48,6.25
42.40404,90.85859,0,0,0.171717,17171.72,55151.52,6.5
42.54545,90.90909,0,0,0.181818,18181.82,55454.55,6.75
42.68687,90.9596,0,0,0.191919,19191.92,55757.58,7
42.82828,91.0101,0,0,0.20202,20202.02,56060.61,6
42.9697,91.06061,0,0,0.212121,21212.12,56363.64,6.25
43.11111,91.11111,0,0,0.222222,22222.22,56666.67,6.5
43.25253,91.16162,0,0,0.232323,23232.32,56969.7,6.75
43.39394,91.21212,0,0,0.242424,24242.42,57272.73,7
43.53535,91.26263,0,0,0.252525,25252.53,57575.76,6
43.67677,91.31313,0,0,0.262626,26262.63,57878.79,6.25
43.81818,91.36364,0,0,0.272727,27272.73,58181.82,6.5
43.9596,91.41414,0,0,0.282828,28282.83,58484.85,6.75
44.10101,91.46465,0,0,0.292929,29292.93,58787.88,7
44.24242,91.51515,0,0,0.30303,30303.03,59090.91,6
44.38384,91.56566,0,0,0.313131,31313.13,59393.94,6.25
44.52525,91.61616,0,0,0.323232,32323.23,59696.97,6.5
44.66667,91.66667,0,0,0.333333,33333.33,60000,6.75
44.80808,91.71717,0,0,0.343434,34343.43,60303.03,7
44.94949,91.76768,0,0,0.353535,35353.54,60606.06,6
45.09091,91.81818,0,0,0.363636,36363.64,60909.09,6.25
45.23232,91.86869,0,0,0.373737,37373.74,61212.12,6.5
45.37374,91.91919,0,0,0.383838,38383.84,61515.15,6.75
45.51515,91.9697,0,0,0.393939,39393.94,61818.18,7
45.65657,92.0202,0,0,0.40404,40404.04,62121.21,6
45.79798,92.07071,0,0,0.414141,41414.14,62424.24,6.25
45.93939,92.12121,0,0,0.424242,42424.24,62727.27,6.5
46.08081,92.17172,0,0,0.434343,43434.34,63030.3,6.75
46.22222,92.22222,0,0,0.444444,44444.44,63333.33,7
46.36364,92.27273,0,0,0.454545,45454.55,63636.36,6
46.50505,92.32323,0,0,0.464646,46464.65,63939.39,6.25
46.64646,92.37374,0,0,0.474747,47474.75,64242.42,6.5
46.78788,92.42424,0,0,0.484848,48484.85,64545.45,6.75
46.92929,92.47475,0,0,0.494949,49494.95,64848.48,6
47.07071,92.52525,0,0,0.505051,50505.05,65151.52,6.25
47.21212,92.57576,0,0,0.515152,51515.15,65454.55,6.5
47.35354,92.62626,0,0,0.525253,52525.25,65757.58,6.75
47.49495,92.67677,0,0,0.535354,53535.35,66060.61,7
47.63636,92.72727,0,0,0.545455,54545.45,66363.64,6
47.77778,92.77778,0,0,0.555556,55555.56,66666.67,6.25
47.91919,92.82828,0,0,0.565657,56565.66,66969.7,6.5
48.06061,92.87879,0,0,0.575758,57575.76,67272.73,6.75
48.20202,92.92929,0,0,0.585859,58585.86,67575.76,7
48.34343,92.9798,0,0,0.59596,59595.96,67878.79,6
48.48485,93.0303,0,0,0.606061,60606.06,68181.82,6.25
48.62626,93.08081,0,0,0.616162,61616.16,68484.85,6.5
48.76768,93.13131,0,0,0.626263,62626.26,68787.88,6.75
48.90909,93.18182,0,0,0.636364,63636.36,69090.91,7
49.05051,93.23232,0,0,0.646465,64646.46,69393.94,6
49.19192,93.28283,0,0,0.656566,65656.57,69696.97,6.25
49.33333,93.33333,0,0,0.666667,66666.67,70000,6.5
49.47475,93.38384,0,0,0.676768,67676.77,70303.03,6.75
49.61616,93.43434,0,0,0.686869,68686.87,70606.06,7
49.75758,93.48485,0,0,0.69697,69696.97,70909.09,6
49.89899,93.53535,0,0,0.707071,70707.07,71212.12,6.25
50.0404,93.58586,0,0,0.717172,71717.17,71515.15,6.5
50.18182,93.63636,0,0,0.727273,72727.27,71818.18,6.75
50.32323,93.68687,0,0,0.737374,73737.37,72121.21,7
50.46465,93.73737,0,0,0.747475,74747.47,72424.24,6
50.60606,93.78788,0,0,0.757576,75757.58,72727.27,6.25
50.74747,93.83838,0,0,0.767677,76767.68,73030.3,6.5
50.88889,93.88889,0,0,0.777778,77777.78,73333.33,6.75
51.0303,93.93939,0,0,0.787879,78787.88,73636.36,7
51.17172,93.9899,0,0,0.79798,79797.98,73939.39,7
51.31313,94.0404,0,0,0.808081,80808.08,74242.42,6
51.45455,94.09091,0,0,0.818182,81818.18,74545.45,6.25
51.59596,94.14141,0,0,0.828283,82828.28,74848.48,6.5
51.73737,94.19192,0,0,0.838384,83838.38,75151.52,6.75
51.87879,94.24242,0,0,0.848485,84848.48,75454.55,7
52.0202,94.29293,0,0,0.858586,85858.59,75757.58,6
52.16162,94.34343,0,0,0.868687,86868.69,76060.61,6.25
52.30303,94.39394,0,0,0.878788,87878.79,76363.64,6.5
52.44444,94.44444,0,0,0.888889,88888.89,76666.67,6.75
52.58586,94.49495,0,0,0.89899,89898.99,76969.7,7
52.72727,94.54545,0,0,0.909091,90909.09,77272.73,6
52.86869,94.59596,0,0,0.919192,91919.19,77575.76,6.25
53.0101,94.64646,0,0,0.929293,92929.29,77878.79,6.5
53.15152,94.69697,0,0,0.939394,93939.39,78181.82,6.75
53.29293,94.74747,0,0,0.949495,94949.49,78484.85,7
53.43434,94.79798,0,0,0.959596,95959.6,78787.88,6
53.57576,94.84848,0,0,0.969697,96969.7,79090.91,6.25
53.71717,94.89899,0,0,0.979798,97979.8,79393.94,6.5
53.85859,94.94949,0,0,0.989899,98989.9,79696.97,6.75
54,95,0,0,1,100000,80000,7
52,80,0,0,1,100000,80000,4
52.01003,80.02506266,0,0,1.010025063,103508.7719,82280.70175,4.005012531
52.02005,80.05012531,0,0,1.020050125,107017.5439,84561.40351,4.010025063
52.03008,80.07518797,0,0,1.030075188,110526.3158,86842.10526,4.015037594
52.0401,80.10025063,0,0,1.040100251,114035.0877,89122.80702,4.020050125
52.05013,80.12531328,0,0,1.050125313,117543.8596,91403.50877,4.025062657
52.06015,80.15037594,0,0,1.060150376,121052.6316,93684.21053,4.030075188
52.07018,80.1754386,0,0,1.070175439,124561.4035,95964.91228,4.035087719
52.0802,80.20050125,0,0,1.080200501,128070.1754,98245.61404,4.040100251
52.09023,80.22556391,0,0,1.090225564,131578.9474,100526.3158,4.045112782
52.10025,80.25062657,0,0,1.100250627,135087.7193,102807.0175,4.050125313
52.11028,80.27568922,0,0,1.110275689,138596.4912,105087.7193,4.055137845
52.1203,80.30075188,0,0,1.120300752,142105.2632,107368.4211,4.060150376
52.13033,80.32581454,0,0,1.130325815,145614.0351,109649.1228,4.065162907
52.14035,80.35087719,0,0,1.140350877,149122.807,111929.8246,4.070175439
52.15038,80.37593985,0,0,1.15037594,152631.5789,114210.5263,4.07518797
52.1604,80.40100251,0,0,1.160401003,156140.3509,116491.2281,4.080200501
52.17043,80.42606516,0,0,1.170426065,159649.1228,118771.9298,4.085213033
52.18045,80.45112782,0,0,1.180451128,163157.8947,121052.6316,4.090225564
52.19048,80.47619048,0,0,1.19047619,166666.6667,123333.3333,4.095238095
52.2005,80.50125313,0,0,1.200501253,170175.4386,125614.0351,4.100250627
52.21053,80.52631579,0,0,1.210526316,173684.2105,127894.7368,4.105263158
52.22055,80.55137845,0,0,1.220551378,177192.9825,130175.4386,4.110275689
52.23058,80.5764411,0,0,1.230576441,180701.7544,132456.1404,4.115288221
52.2406,80.60150376,0,0,1.240601504,184210.5263,134736.8421,4.120300752
52.25063,80.62656642,0,0,1.250626566,187719.2982,137017.5439,4.125313283
52.26065,80.65162907,0,0,1.260651629,191228.0702,139298.2456,4.130325815
52.27068,80.67669173,0,0,1.270676692,194736.8421,141578.9474,4.135338346
52.2807,80.70175439,0,0,1.280701754,198245.614,143859.6491,4.140350877
52.29073,80.72681704,0,0,1.290726817,201754.386,146140.3509,4.145363409
52.30075,80.7518797,0,0,1.30075188,205263.1579,148421.0526,4.15037594
52.31078,80.77694236,0,0,1.310776942,208771.9298,150701.7544,4.155388471
52.3208,80.80200501,0,0,1.320802005,212280.7018,152982.4561,4.160401003
52.33083,80.82706767,0,0,1.330827068,215789.4737,155263.1579,4.165413534
52.34085,80.85213033,0,0,1.34085213,219298.2456,157543.8596,4.170426065
52.35088,80.87719298,0,0,1.350877193,222807.0175,159824.5614,4.175438596
52.3609,80.90225564,0,0,1.360902256,226315.7895,162105.2632,4.180451128
52.37093,80.9273183,0,0,1.370927318,229824.5614,164385.9649,4.185463659
52.38095,80.95238095,0,0,1.380952381,233333.3333,166666.6667,4.19047619
52.39098,80.97744361,0,0,1.390977444,236842.1053,168947.3684,4.195488722
52.401,81.00250627,0,0,1.401002506,240350.8772,171228.0702,4.200501253
52.41103,81.02756892,0,0,1.411027569,243859.6491,173508.7719,4.205513784
52.42105,81.05263158,0,0,1.421052632,247368.4211,175789.4737,4.210526316
52.43108,81.07769424,0,0,1.431077694,250877.193,178070.1754,4.215538847
52.4411,81.10275689,0,0,1.441102757,254385.9649,180350.8772,4.220551378
52.45113,81.12781955,0,0,1.45112782,257894.7368,182631.5789,4.22556391
52.46115,81.15288221,0,0,1.461152882,261403.5088,184912.2807,4.230576441
52.47118,81.17794486,0,0,1.471177945,264912.2807,187192.9825,4.235588972
52.4812,81.20300752,0,0,1.481203008,268421.0526,189473.6842,4.240601504
52.49123,81.22807018,0,0,1.49122807,271929.8246,191754.386,4.245614035
52.50125,81.25313283,0,0,1.501253133,275438.5965,194035.0877,4.250626566
52.51128,81.27819549,0,0,1.511278195,278947.3684,196315.7895,4.255639098
52.5213,81.30325815,0,0,1.521303258,282456.1404,198596.4912,4.260651629
52.53133,81.3283208,0,0,1.531328321,285964.9123,200877.193,4.26566416
52.54135,81.35338346,0,0,1.541353383,289473.6842,203157.8947,4.270676692
52.55138,81.37844612,0,0,1.551378446,292982.4561,205438.5965,4.275689223
52.5614,81.40350877,0,0,1.561403509,296491.2281,207719.2982,4.280701754
52.57143,81.42857143,0,0,1.571428571,300000,210000,4.285714286
52.58145,81.45363409,0,0,1.581453634,303508.7719,212280.7018,4.290726817
52.59148,81.47869674,0,0,1.591478697,307017.5439,214561.4035,4.295739348
52.6015,81.5037594,0,0,1.601503759,310526.3158,216842.1053,4.30075188
52.61153,81.52882206,0,0,1.611528822,314035.0877,219122.807,4.305764411
52.62155,81.55388471,0,0,1.621553885,317543.8596,221403.5088,4.310776942
52.63158,81.57894737,0,0,1.631578947,321052.6316,223684.2105,4.315789474
52.6416,81.60401003,0,0,1.64160401,324561.4035,225964.9123,4.320802005
52.65163,81.62907268,0,0,1.651629073,328070.1754,228245.614,4.325814536
52.66165,81.65413534,0,0,1.661654135,331578.9474,230526.3158,4.330827068
52.67168,81.67919799,0,0,1.671679198,335087.7193,232807.0175,4.335839599
52.6817,81.70426065,0,0,1.681704261,338596.4912,235087.7193,4.34085213
52.69173,81.72932331,0,0,1.691729323,342105.2632,237368.4211,4.345864662
52.70175,81.75438596,0,0,1.701754386,345614.0351,239649.1228,4.350877193
52.71178,81.77944862,0,0,1.711779449,349122.807,241929.8246,4.355889724
52.7218,81.80451128,0,0,1.721804511,352631.5789,244210.5263,4.360902256
52.73183,81.82957393,0,0,1.731829574,356140.3509,246491.2281,4.365914787
52.74185,81.85463659,0,0,1.741854637,359649.1228,248771.9298,4.370927318
52.75188,81.87969925,0,0,1.751879699,363157.8947,251052.6316,4.37593985
52.7619,81.9047619,0,0,1.761904762,366666.6667,253333.3333,4.380952381
52.77193,81.92982456,0,0,1.771929825,370175.4386,255614.0351,4.385964912
52.78195,81.95488722,0,0,1.781954887,373684.2105,257894.7368,4.390977444
52.79198,81.97994987,0,0,1.79197995,377192.9825,260175.4386,4.395989975
52.80201,82.00501253,0,0,1.802005013,380701.7544,262456.1404,4.401002506
52.81203,82.03007519,0,0,1.812030075,384210.5263,264736.8421,4.406015038
52.82206,82.05513784,0,0,1.822055138,387719.2982,267017.5439,4.411027569
52.83208,82.0802005,0,0,1.832080201,391228.0702,269298.2456,4.4160401
52.84211,82.10526316,0,0,1.842105263,394736.8421,271578.9474,4.421052632
52.85213,82.13032581,0,0,1.852130326,398245.614,273859.6491,4.426065163
52.86216,82.15538847,0,0,1.862155388,401754.386,276140.3509,4.431077694
52.87218,82.18045113,0,0,1.872180451,405263.1579,278421.0526,4.436090226
52.88221,82.20551378,0,0,1.882205514,408771.9298,280701.7544,4.441102757
52.89223,82.23057644,0,0,1.892230576,412280.7018,282982.4561,4.446115288
52.90226,82.2556391,0,0,1.902255639,415789.4737,285263.1579,4.45112782
52.91228,82.28070175,0,0,1.912280702,419298.2456,287543.8596,4.456140351
52.92231,82.30576441,0,0,1.922305764,422807.0175,289824.5614,4.461152882
52.93233,82.33082707,0,0,1.932330827,426315.7895,292105.2632,4.466165414
52.94236,82.35588972,0,0,1.94235589,429824.5614,294385.9649,4.471177945
52.95238,82.38095238,0,0,1.952380952,433333.3333,296666.6667,4.476190476
52.96241,82.40601504,0,0,1.962406015,436842.1053,298947.3684,4.481203008
52.97243,82.43107769,0,0,1.972431078,440350.8772,301228.0702,4.486215539
52.98246,82.45614035,0,0,1.98245614,443859.6491,303508.7719,4.49122807
52.99248,82.48120301,0,0,1.992481203,447368.4211,305789.4737,4.496240602
53.00251,82.50626566,0,0,2.002506266,450877.193,308070.1754,4.501253133
53.01253,82.53132832,0,0,2.012531328,454385.9649,310350.8772,4.506265664
53.02256,82.55639098,0,0,2.022556391,457894.7368,312631.5789,4.511278195
53.03258,82.58145363,0,0,2.032581454,461403.5088,314912.2807,4.516290727
53.04261,82.60651629,0,0,2.042606516,464912.2807,317192.9825,4.521303258
53.05263,82.63157895,0,0,2.052631579,468421.0526,319473.6842,4.526315789
53.06266,82.6566416,0,0,2.062656642,471929.8246,321754.386,4.531328321
53.07268,82.68170426,0,0,2.072681704,475438.5965,324035.0877,4.536340852
53.08271,82.70676692,0,0,2.082706767,478947.3684,326315.7895,4.541353383
53.09273,82.73182957,0,0,2.09273183,482456.1404,328596.4912,4.546365915
53.10276,82.75689223,0,0,2.102756892,485964.9123,330877.193,4.551378446
53.11278,82.78195489,0,0,2.112781955,489473.6842,333157.8947,4.556390977
53.12281,82.80701754,0,0,2.122807018,492982.4561,335438.5965,4.561403509
53.13283,82.8320802,0,0,2.13283208,496491.2281,337719.2982,4.56641604
53.14286,82.85714286,0,0,2.142857143,500000,340000,4.571428571
53.15288,82.88220551,0,0,2.152882206,503508.7719,342280.7018,4.576441103
53.16291,82.90726817,0,0,2.162907268,507017.5439,344561.4035,4.581453634
53.17293,82.93233083,0,0,2.172932331,510526.3158,346842.1053,4.586466165
53.18296,82.95739348,0,0,2.182957393,514035.0877,349122.807,4.591478697
53.19298,82.98245614,0,0,2.192982456,517543.8596,351403.5088,4.596491228
53.20301,83.0075188,0,0,2.203007519,521052.6316,353684.2105,4.601503759
53.21303,83.03258145,0,0,2.213032581,524561.4035,355964.9123,4.606516291
53.22306,83.05764411,0,0,2.223057644,528070.1754,358245.614,4.611528822
53.23308,83.08270677,0,0,2.233082707,531578.9474,360526.3158,4.616541353
53.24311,83.10776942,0,0,2.243107769,535087.7193,362807.0175,4.621553885
53.25313,83.13283208,0,0,2.253132832,538596.4912,365087.7193,4.626566416
53.26316,83.15789474,0,0,2.263157895,542105.2632,367368.4211,4.631578947
53.27318,83.18295739,0,0,2.273182957,545614.0351,369649.1228,4.636591479
53.28321,83.20802005,0,0,2.28320802,549122.807,371929.8246,4.64160401
53.29323,83.23308271,0,0,2.293233083,552631.5789,374210.5263,4.646616541
53.30326,83.25814536,0,0,2.303258145,556140.3509,376491.2281,4.651629073
53.31328,83.28320802,0,0,2.313283208,559649.1228,378771.9298,4.656641604
53.32331,83.30827068,0,0,2.323308271,563157.8947,381052.6316,4.661654135
53.33333,83.33333333,0,0,2.333333333,566666.6667,383333.3333,4.666666667
53.34336,83.35839599,0,0,2.343358396,570175.4386,385614.0351,4.671679198
53.35338,83.38345865,0,0,2.353383459,573684.2105,387894.7368,4.676691729
53.36341,83.4085213,0,0,2.363408521,577192.9825,390175.4386,4.681704261
53.37343,83.43358396,0,0,2.373433584,580701.7544,392456.1404,4.686716792
53.38346,83.45864662,0,0,2.383458647,584210.5263,394736.8421,4.691729323
53.39348,83.48370927,0,0,2.393483709,587719.2982,397017.5439,4.696741855
53.40351,83.50877193,0,0,2.403508772,591228.0702,399298.2456,4.701754386
53.41353,83.53383459,0,0,2.413533835,594736.8421,401578.9474,4.706766917
53.42356,83.55889724,0,0,2.423558897,598245.614,403859.6491,4.711779449
53.43358,83.5839599,0,0,2.43358396,601754.386,406140.3509,4.71679198
53.44361,83.60902256,0,0,2.443609023,605263.1579,408421.0526,4.721804511
53.45363,83.63408521,0,0,2.453634085,608771.9298,410701.7544,4.726817043
53.46366,83.65914787,0,0,2.463659148,612280.7018,412982.4561,4.731829574
53.47368,83.68421053,0,0,2.473684211,615789.4737,415263.1579,4.736842105
53.48371,83.70927318,0,0,2.483709273,619298.2456,417543.8596,4.741854637
53.49373,83.73433584,0,0,2.493734336,622807.0175,419824.5614,4.746867168
53.50376,83.7593985,0,0,2.503759398,626315.7895,422105.2632,4.751879699
53.51378,83.78446115,0,0,2.513784461,629824.5614,424385.9649,4.756892231
53.52381,83.80952381,0,0,2.523809524,633333.3333,426666.6667,4.761904762
53.53383,83.83458647,0,0,2.533834586,636842.1053,428947.3684,4.766917293
53.54386,83.85964912,0,0,2.543859649,640350.8772,431228.0702,4.771929825
53.55388,83.88471178,0,0,2.553884712,643859.6491,433508.7719,4.776942356
53.56391,83.90977444,0,0,2.563909774,647368.4211,435789.4737,4.781954887
53.57393,83.93483709,0,0,2.573934837,650877.193,438070.1754,4.786967419
53.58396,83.95989975,0,0,2.5839599,654385.9649,440350.8772,4.79197995
53.59398,83.98496241,0,0,2.593984962,657894.7368,442631.5789,4.796992481
53.60401,84.01002506,0,0,2.604010025,661403.5088,444912.2807,4.802005013
53.61404,84.03508772,0,0,2.614035088,664912.2807,447192.9825,4.807017544
53.62406,84.06015038,0,0,2.62406015,668421.0526,449473.6842,4.812030075
53.63409,84.08521303,0,0,2.634085213,671929.8246,451754.386,4.817042607
53.64411,84.11027569,0,0,2.644110276,675438.5965,454035.0877,4.822055138
53.65414,84.13533835,0,0,2.654135338,678947.3684,456315.7895,4.827067669
53.66416,84.160401,0,0,2.664160401,682456.1404,458596.4912,4.832080201
53.67419,84.18546366,0,0,2.674185464,685964.9123,460877.193,4.837092732
53.68421,84.21052632,0,0,2.684210526,689473.6842,463157.8947,4.842105263
53.69424,84.23558897,0,0,2.694235589,692982.4561,465438.5965,4.847117794
53.70426,84.26065163,0,0,2.704260652,696491.2281,467719.2982,4.852130326
53.71429,84.28571429,0,0,2.714285714,700000,470000,4.857142857
53.72431,84.31077694,0,0,2.724310777,703508.7719,472280.7018,4.862155388
53.73434,84.3358396,0,0,2.73433584,707017.5439,474561.4035,4.86716792
53.74436,84.36090226,0,0,2.744360902,710526.3158,476842.1053,4.872180451
53.75439,84.38596491,0,0,2.754385965,714035.0877,479122.807,4.877192982
53.76441,84.41102757,0,0,2.764411028,717543.8596,481403.5088,4.882205514
53.77444,84.43609023,0,0,2.77443609,721052.6316,483684.2105,4.887218045
53.78446,84.46115288,0,0,2.784461153,724561.4035,485964.9123,4.892230576
53.79449,84.48621554,0,0,2.794486216,728070.1754,488245.614,4.897243108
53.80451,84.5112782,0,0,2.804511278,731578.9474,490526.3158,4.902255639
53.81454,84.53634085,0,0,2.814536341,735087.7193,492807.0175,4.90726817
53.82456,84.56140351,0,0,2.824561404,738596.4912,495087.7193,4.912280702
53.83459,84.58646617,0,0,2.834586466,742105.2632,497368.4211,4.917293233
53.84461,84.61152882,0,0,2.844611529,745614.0351,499649.1228,4.922305764
53.85464,84.63659148,0,0,2.854636591,749122.807,501929.8246,4.927318296
53.86466,84.66165414,0,0,2.864661654,752631.5789,504210.5263,4.932330827
53.87469,84.68671679,0,0,2.874686717,756140.3509,506491.2281,4.937343358
53.88471,84.71177945,0,0,2.884711779,759649.1228,508771.9298,4.94235589
53.89474,84.73684211,0,0,2.894736842,763157.8947,511052.6316,4.947368421
53.90476,84.76190476,0,0,2.904761905,766666.6667,513333.3333,4.952380952
53.91479,84.78696742,0,0,2.914786967,770175.4386,515614.0351,4.957393484
53.92481,84.81203008,0,0,2.92481203,773684.2105,517894.7368,4.962406015
53.93484,84.83709273,0,0,2.934837093,777192.9825,520175.4386,4.967418546
53.94486,84.86215539,0,0,2.944862155,780701.7544,522456.1404,4.972431078
53.95489,84.88721805,0,0,2.954887218,784210.5263,524736.8421,4.977443609
53.96491,84.9122807,0,0,2.964912281,787719.2982,527017.5439,4.98245614
53.97494,84.93734336,0,0,2.974937343,791228.0702,529298.2456,4.987468672
53.98496,84.96240602,0,0,2.984962406,794736.8421,531578.9474,4.992481203
53.99499,84.98746867,0,0,2.994987469,798245.614,533859.6491,4.997493734
54.00501,85.01253133,0,0,3.005012531,801754.386,536140.3509,5.002506266
54.01504,85.03759398,0,0,3.015037594,805263.1579,538421.0526,5.007518797
54.02506,85.06265664,0,0,3.025062657,808771.9298,540701.7544,5.012531328
54.03509,85.0877193,0,0,3.035087719,812280.7018,542982.4561,5.01754386
54.04511,85.11278195,0,0,3.045112782,815789.4737,545263.1579,5.022556391
54.05514,85.13784461,0,0,3.055137845,819298.2456,547543.8596,5.027568922
54.06516,85.16290727,0,0,3.065162907,822807.0175,549824.5614,5.032581454
54.07519,85.18796992,0,0,3.07518797,826315.7895,552105.2632,5.037593985
54.08521,85.21303258,0,0,3.085213033,829824.5614,554385.9649,5.042606516
54.09524,85.23809524,0,0,3.095238095,833333.3333,556666.6667,5.047619048
54.10526,85.26315789,0,0,3.105263158,836842.1053,558947.3684,5.052631579
54.11529,85.28822055,0,0,3.115288221,840350.8772,561228.0702,5.05764411
54.12531,85.31328321,0,0,3.125313283,843859.6491,563508.7719,5.062656642
54.13534,85.33834586,0,0,3.135338346,847368.4211,565789.4737,5.067669173
54.14536,85.36340852,0,0,3.145363409,850877.193,568070.1754,5.072681704
54.15539,85.38847118,0,0,3.155388471,854385.9649,570350.8772,5.077694236
54.16541,85.41353383,0,0,3.165413534,857894.7368,572631.5789,5.082706767
54.17544,85.43859649,0,0,3.175438596,861403.5088,574912.2807,5.087719298
54.18546,85.46365915,0,0,3.185463659,864912.2807,577192.9825,5.09273183
54.19549,85.4887218,0,0,3.195488722,868421.0526,579473.6842,5.097744361
54.20551,85.51378446,0,0,3.205513784,871929.8246,581754.386,5.102756892
54.21554,85.53884712,0,0,3.215538847,875438.5965,584035.0877,5.107769424
54.22556,85.56390977,0,0,3.22556391,878947.3684,586315.7895,5.112781955
54.23559,85.58897243,0,0,3.235588972,882456.1404,588596.4912,5.117794486
54.24561,85.61403509,0,0,3.245614035,885964.9123,590877.193,5.122807018
54.25564,85.63909774,0,0,3.255639098,889473.6842,593157.8947,5.127819549
54.26566,85.6641604,0,0,3.26566416,892982.4561,595438.5965,5.13283208
54.27569,85.68922306,0,0,3.275689223,896491.2281,597719.2982,5.137844612
54.28571,85.71428571,0,0,3.285714286,900000,600000,5.142857143
54.29574,85.73934837,0,0,3.295739348,903508.7719,602280.7018,5.147869674
54.30576,85.76441103,0,0,3.305764411,907017.5439,604561.4035,5.152882206
54.31579,85.78947368,0,0,3.315789474,910526.3158,606842.1053,5.157894737
54.32581,85.81453634,0,0,3.325814536,914035.0877,609122.807,5.162907268
54.33584,85.839599,0,0,3.335839599,917543.8596,611403.5088,5.167919799
54.34586,85.86466165,0,0,3.345864662,921052.6316,613684.2105,5.172932331
54.35589,85.88972431,0,0,3.355889724,924561.4035,615964.9123,5.177944862
54.36591,85.91478697,0,0,3.365914787,928070.1754,618245.614,5.182957393
54.37594,85.93984962,0,0,3.37593985,931578.9474,620526.3158,5.187969925
54.38596,85.96491228,0,0,3.385964912,935087.7193,622807.0175,5.192982456
54.39599,85.98997494,0,0,3.395989975,938596.4912,625087.7193,5.197994987
54.40602,86.01503759,0,0,3.406015038,942105.2632,627368.4211,5.203007519
54.41604,86.04010025,0,0,3.4160401,945614.0351,629649.1228,5.20802005
54.42607,86.06516291,0,0,3.426065163,949122.807,631929.8246,5.213032581
54.43609,86.09022556,0,0,3.436090226,952631.5789,634210.5263,5.218045113
54.44612,86.11528822,0,0,3.446115288,956140.3509,636491.2281,5.223057644
54.45614,86.14035088,0,0,3.456140351,959649.1228,638771.9298,5.228070175
54.46617,86.16541353,0,0,3.466165414,963157.8947,641052.6316,5.233082707
54.47619,86.19047619,0,0,3.476190476,966666.6667,643333.3333,5.238095238
54.48622,86.21553885,0,0,3.486215539,970175.4386,645614.0351,5.243107769
54.49624,86.2406015,0,0,3.496240602,973684.2105,647894.7368,5.248120301
54.50627,86.26566416,0,0,3.506265664,977192.9825,650175.4386,5.253132832
54.51629,86.29072682,0,0,3.516290727,980701.7544,652456.1404,5.258145363
54.52632,86.31578947,0,0,3.526315789,984210.5263,654736.8421,5.263157895
54.53634,86.34085213,0,0,3.536340852,987719.2982,657017.5439,5.268170426
54.54637,86.36591479,0,0,3.546365915,991228.0702,659298.2456,5.273182957
54.55639,86.39097744,0,0,3.556390977,994736.8421,661578.9474,5.278195489
54.56642,86.4160401,0,0,3.56641604,998245.614,663859.6491,5.28320802
54.57644,86.44110276,0,0,3.576441103,1001754.386,666140.3509,5.288220551
54.58647,86.46616541,0,0,3.586466165,1005263.158,668421.0526,5.293233083
54.59649,86.49122807,0,0,3.596491228,1008771.93,670701.7544,5.298245614
54.60652,86.51629073,0,0,3.606516291,1012280.702,672982.4561,5.303258145
54.61654,86.54135338,0,0,3.616541353,1015789.474,675263.1579,5.308270677
54.62657,86.56641604,0,0,3.626566416,1019298.246,677543.8596,5.313283208
54.63659,86.5914787,0,0,3.636591479,1022807.018,679824.5614,5.318295739
54.64662,86.61654135,0,0,3.646616541,1026315.789,682105.2632,5.323308271
54.65664,86.64160401,0,0,3.656641604,1029824.561,684385.9649,5.328320802
54.66667,86.66666667,0,0,3.666666667,1033333.333,686666.6667,5.333333333
54.67669,86.69172932,0,0,3.676691729,1036842.105,688947.3684,5.338345865
54.68672,86.71679198,0,0,3.686716792,1040350.877,691228.0702,5.343358396
54.69674,86.74185464,0,0,3.696741855,1043859.649,693508.7719,5.348370927
54.70677,86.76691729,0,0,3.706766917,1047368.421,695789.4737,5.353383459
54.71679,86.79197995,0,0,3.71679198,1050877.193,698070.1754,5.35839599
54.72682,86.81704261,0,0,3.726817043,1054385.965,700350.8772,5.363408521
54.73684,86.84210526,0,0,3.736842105,1057894.737,702631.5789,5.368421053
54.74687,86.86716792,0,0,3.746867168,1061403.509,704912.2807,5.373433584
54.75689,86.89223058,0,0,3.756892231,1064912.281,707192.9825,5.378446115
54.76692,86.91729323,0,0,3.766917293,1068421.053,709473.6842,5.383458647
54.77694,86.94235589,0,0,3.776942356,1071929.825,711754.386,5.388471178
54.78697,86.96741855,0,0,3.786967419,1075438.596,714035.0877,5.393483709
54.79699,86.9924812,0,0,3.796992481,1078947.368,716315.7895,5.398496241
54.80702,87.01754386,0,0,3.807017544,1082456.14,718596.4912,5.403508772
54.81704,87.04260652,0,0,3.817042607,1085964.912,720877.193,5.408521303
54.82707,87.06766917,0,0,3.827067669,1089473.684,723157.8947,5.413533835
54.83709,87.09273183,0,0,3.837092732,1092982.456,725438.5965,5.418546366
54.84712,87.11779449,0,0,3.847117794,1096491.228,727719.2982,5.423558897
54.85714,87.14285714,0,0,3.857142857,1100000,730000,5.428571429
54.86717,87.1679198,0,0,3.86716792,1103508.772,732280.7018,5.43358396
54.87719,87.19298246,0,0,3.877192982,1107017.544,734561.4035,5.438596491
54.88722,87.21804511,0,0,3.887218045,1110526.316,736842.1053,5.443609023
54.89724,87.24310777,0,0,3.897243108,1114035.088,739122.807,5.448621554
54.90727,87.26817043,0,0,3.90726817,1117543.86,741403.5088,5.453634085
54.91729,87.29323308,0,0,3.917293233,1121052.632,743684.2105,5.458646617
54.92732,87.31829574,0,0,3.927318296,1124561.404,745964.9123,5.463659148
54.93734,87.3433584,0,0,3.937343358,1128070.175,748245.614,5.468671679
54.94737,87.36842105,0,0,3.947368421,1131578.947,750526.3158,5.473684211
54.95739,87.39348371,0,0,3.957393484,1135087.719,752807.0175,5.478696742
54.96742,87.41854637,0,0,3.967418546,1138596.491,755087.7193,5.483709273
54.97744,87.44360902,0,0,3.977443609,1142105.263,757368.4211,5.488721805
54.98747,87.46867168,0,0,3.987468672,1145614.035,759649.1228,5.493734336
54.99749,87.49373434,0,0,3.997493734,1149122.807,761929.8246,5.498746867
55.00752,87.51879699,0,0,4.007518797,1152631.579,764210.5263,5.503759398
55.01754,87.54385965,0,0,4.01754386,1156140.351,766491.2281,5.50877193
55.02757,87.56892231,0,0,4.027568922,1159649.123,768771.9298,5.513784461
55.03759,87.59398496,0,0,4.037593985,1163157.895,771052.6316,5.518796992
55.04762,87.61904762,0,0,4.047619048,1166666.667,773333.3333,5.523809524
55.05764,87.64411028,0,0,4.05764411,1170175.439,775614.0351,5.528822055
55.06767,87.66917293,0,0,4.067669173,1173684.211,777894.7368,5.533834586
55.07769,87.69423559,0,0,4.077694236,1177192.982,780175.4386,5.538847118
55.08772,87.71929825,0,0,4.087719298,1180701.754,782456.1404,5.543859649
55.09774,87.7443609,0,0,4.097744361,1184210.526,784736.8421,5.54887218
55.10777,87.76942356,0,0,4.107769424,1187719.298,787017.5439,5.553884712
55.11779,87.79448622,0,0,4.117794486,1191228.07,789298.2456,5.558897243
55.12782,87.81954887,0,0,4.127819549,1194736.842,791578.9474,5.563909774
55.13784,87.84461153,0,0,4.137844612,1198245.614,793859.6491,5.568922306
55.14787,87.86967419,0,0,4.147869674,1201754.386,796140.3509,5.573934837
55.15789,87.89473684,0,0,4.157894737,1205263.158,798421.0526,5.578947368
55.16792,87.9197995,0,0,4.167919799,1208771.93,800701.7544,5.5839599
55.17794,87.94486216,0,0,4.177944862,1212280.702,802982.4561,5.588972431
55.18797,87.96992481,0,0,4.187969925,1215789.474,805263.1579,5.593984962
55.19799,87.99498747,0,0,4.197994987,1219298.246,807543.8596,5.598997494
55.20802,88.02005013,0,0,4.20802005,1222807.018,809824.5614,5.604010025
55.21805,88.04511278,0,0,4.218045113,1226315.789,812105.2632,5.609022556
55.22807,88.07017544,0,0,4.228070175,1229824.561,814385.9649,5.614035088
55.2381,88.0952381,0,0,4.238095238,1233333.333,816666.6667,5.619047619
55.24812,88.12030075,0,0,4.248120301,1236842.105,818947.3684,5.62406015
55.25815,88.14536341,0,0,4.258145363,1240350.877,821228.0702,5.629072682
55.26817,88.17042607,0,0,4.268170426,1243859.649,823508.7719,5.634085213
55.2782,88.19548872,0,0,4.278195489,1247368.421,825789.4737,5.639097744
55.28822,88.22055138,0,0,4.288220551,1250877.193,828070.1754,5.644110276
55.29825,88.24561404,1,1,4.298245614,1254385.965,830350.8772,5.649122807
55.30827,88.27067669,1,1,4.308270677,1257894.737,832631.5789,5.654135338
55.3183,88.29573935,1,1,4.318295739,1261403.509,834912.2807,5.65914787
55.32832,88.32080201,1,1,4.328320802,1264912.281,837192.9825,5.664160401
55.33835,88.34586466,1,1,4.338345865,1268421.053,839473.6842,5.669172932
55.34837,88.37092732,1,1,4.348370927,1271929.825,841754.386,5.674185464
55.3584,88.39598997,1,1,4.35839599,1275438.596,844035.0877,5.679197995
55.36842,88.42105263,1,1,4.368421053,1278947.368,846315.7895,5.684210526
55.37845,88.44611529,1,1,4.378446115,1282456.14,848596.4912,5.689223058
55.38847,88.47117794,1,1,4.388471178,1285964.912,850877.193,5.694235589
55.3985,88.4962406,1,1,4.398496241,1289473.684,853157.8947,5.69924812
55.40852,88.52130326,1,1,4.408521303,1292982.456,855438.5965,5.704260652
55.41855,88.54636591,1,1,4.418546366,1296491.228,857719.2982,5.709273183
55.42857,88.57142857,1,1,4.428571429,1300000,860000,5.714285714
55.4386,88.59649123,1,1,4.438596491,1303508.772,862280.7018,5.719298246
55.44862,88.62155388,1,1,4.448621554,1307017.544,864561.4035,5.724310777
55.45865,88.64661654,1,1,4.458646617,1310526.316,866842.1053,5.729323308
55.46867,88.6716792,1,1,4.468671679,1314035.088,869122.807,5.73433584
55.4787,88.69674185,1,1,4.478696742,1317543.86,871403.5088,5.739348371
55.48872,88.72180451,1,1,4.488721805,1321052.632,873684.2105,5.744360902
55.49875,88.74686717,1,1,4.498746867,1324561.404,875964.9123,5.749373434
55.50877,88.77192982,1,1,4.50877193,1328070.175,878245.614,5.754385965
55.5188,88.79699248,1,1,4.518796992,1331578.947,880526.3158,5.759398496
55.52882,88.82205514,1,1,4.528822055,1335087.719,882807.0175,5.764411028
55.53885,88.84711779,1,1,4.538847118,1338596.491,885087.7193,5.769423559
55.54887,88.87218045,1,1,4.54887218,1342105.263,887368.4211,5.77443609
55.5589,88.89724311,1,1,4.558897243,1345614.035,889649.1228,5.779448622
55.56892,88.92230576,1,1,4.568922306,1349122.807,891929.8246,5.784461153
55.57895,88.94736842,1,1,4.578947368,1352631.579,894210.5263,5.789473684
55.58897,88.97243108,1,1,4.588972431,1356140.351,896491.2281,5.794486216
55.599,88.99749373,1,1,4.598997494,1359649.123,898771.9298,5.799498747
55.60902,89.02255639,1,1,4.609022556,1363157.895,901052.6316,5.804511278
55.61905,89.04761905,1,1,4.619047619,1366666.667,903333.3333,5.80952381
55.62907,89.0726817,1,1,4.629072682,1370175.439,905614.0351,5.814536341
55.6391,89.09774436,1,1,4.639097744,1373684.211,907894.7368,5.819548872
55.64912,89.12280702,1,1,4.649122807,1377192.982,910175.4386,5.824561404
55.65915,89.14786967,1,1,4.65914787,1380701.754,912456.1404,5.829573935
55.66917,89.17293233,1,1,4.669172932,1384210.526,914736.8421,5.834586466
55.6792,89.19799499,1,1,4.679197995,1387719.298,917017.5439,5.839598997
55.68922,89.22305764,1,1,4.689223058,1391228.07,919298.2456,5.844611529
55.69925,89.2481203,1,1,4.69924812,1394736.842,921578.9474,5.84962406
55.70927,89.27318296,1,1,4.709273183,1398245.614,923859.6491,5.854636591
55.7193,89.29824561,1,1,4.719298246,1401754.386,926140.3509,5.859649123
55.72932,89.32330827,1,1,4.729323308,1405263.158,928421.0526,5.864661654
55.73935,89.34837093,1,1,4.739348371,1408771.93,930701.7544,5.869674185
55.74937,89.37343358,1,1,4.749373434,1412280.702,932982.4561,5.874686717
55.7594,89.39849624,1,1,4.759398496,1415789.474,935263.1579,5.879699248
55.76942,89.4235589,1,1,4.769423559,1419298.246,937543.8596,5.884711779
55.77945,89.44862155,1,1,4.779448622,1422807.018,939824.5614,5.889724311
55.78947,89.47368421,1,1,4.789473684,1426315.789,942105.2632,5.894736842
55.7995,89.49874687,0,0,4.799498747,1429824.561,944385.9649,5.899749373
55.80952,89.52380952,0,0,4.80952381,1433333.333,946666.6667,5.904761905
55.81955,89.54887218,0,0,4.819548872,1436842.105,948947.3684,5.909774436
55.82957,89.57393484,0,0,4.829573935,1440350.877,951228.0702,5.914786967
55.8396,89.59899749,0,0,4.839598997,1443859.649,953508.7719,5.919799499
55.84962,89.62406015,0,0,4.84962406,1447368.421,955789.4737,5.92481203
55.85965,89.64912281,0,0,4.859649123,1450877.193,958070.1754,5.929824561
55.86967,89.67418546,0,0,4.869674185,1454385.965,960350.8772,5.934837093
55.8797,89.69924812,0,0,4.879699248,1457894.737,962631.5789,5.939849624
55.88972,89.72431078,0,0,4.889724311,1461403.509,964912.2807,5.944862155
55.89975,89.74937343,0,0,4.899749373,1464912.281,967192.9825,5.949874687
55.90977,89.77443609,0,0,4.909774436,1468421.053,969473.6842,5.954887218
55.9198,89.79949875,0,0,4.919799499,1471929.825,971754.386,5.959899749
55.92982,89.8245614,0,0,4.929824561,1475438.596,974035.0877,5.964912281
55.93985,89.84962406,0,0,4.939849624,1478947.368,976315.7895,5.969924812
55.94987,89.87468672,0,0,4.949874687,1482456.14,978596.4912,5.974937343
55.9599,89.89974937,0,0,4.959899749,1485964.912,980877.193,5.979949875
55.96992,89.92481203,0,0,4.969924812,1489473.684,983157.8947,5.984962406
55.97995,89.94987469,0,0,4.979949875,1492982.456,985438.5965,5.989974937
55.98997,89.97493734,0,0,4.989974937,1496491.228,987719.2982,5.994987469
56,90,0,0,5,1500000,990000,6
54,80,1,1,5,1000000,100000,1
54.06061,80.10101,1,1,5.050505,1090909,109090.9,1.030303
54.12121,80.20202,1,1,5.10101,1181818,118181.8,1.060606
54.18182,80.30303,1,1,5.151515,1272727,127272.7,1.090909
54.24242,80.40404,1,1,5.20202,1363636,136363.6,1.121212
54.30303,80.50505,1,1,5.252525,1454545,145454.5,1.151515
54.36364,80.60606,1,1,5.30303,1545454,154545.5,1.181818
54.42424,80.70707,1,1,5.353535,1636364,163636.4,1.212121
54.48485,80.80808,1,1,5.40404,1727273,172727.3,1.242424
54.54545,80.90909,1,1,5.454545,1818182,181818.2,1.272727
54.60606,81.0101,1,1,5.505051,1909091,190909.1,1.30303
54.66667,81.11111,1,1,5.555556,2000000,200000,1.333333
54.72727,81.21212,1,1,5.606061,2090909,209090.9,1.363636
54.78788,81.31313,1,1,5.656566,2181818,218181.8,1.393939
54.84848,81.41414,1,1,5.707071,2272727,227272.7,1.424242
54.90909,81.51515,1,1,5.757576,2363636,236363.6,1.454545
54.9697,81.61616,1,1,5.808081,2454545,245454.5,1.484848
55.0303,81.71717,1,1,5.858586,2545454,254545.5,1.515152
55.09091,81.81818,1,1,5.909091,2636363,263636.4,1.545455
55.15152,81.91919,1,1,5.959596,2727273,272727.3,1.575758
55.21212,82.0202,1,1,6.010101,2818182,281818.2,1.606061
55.27273,82.12121,1,1,6.060606,2909091,290909.1,1.636364
55.33333,82.22222,1,1,6.111111,3000000,300000,1.666667
55.39394,82.32323,1,1,6.161616,3090909,309090.9,1.69697
55.45455,82.42424,1,1,6.212121,3181818,318181.8,1.727273
55.51515,82.52525,1,1,6.262626,3272727,327272.7,1.757576
55.57576,82.62626,1,1,6.313131,3363636,336363.6,1.787879
55.63636,82.72727,1,1,6.363636,3454545,345454.5,1.818182
55.69697,82.82828,1,1,6.414141,3545454,354545.5,1.848485
55.75758,82.92929,1,1,6.464646,3636363,363636.4,1.878788
55.81818,83.0303,1,1,6.515152,3727272,372727.3,1.909091
55.87879,83.13131,1,1,6.565657,3818182,381818.2,1.939394
55.93939,83.23232,1,1,6.616162,3909091,390909.1,1.969697
56,83.33333,1,1,6.666667,4000000,400000,2
56.06061,83.43434,1,1,6.717172,4090909,409090.9,2.030303
56.12121,83.53535,1,1,6.767677,4181818,418181.8,2.060606
56.18182,83.63636,1,1,6.818182,4272727,427272.7,2.090909
56.24242,83.73737,1,1,6.868687,4363636,436363.6,2.121212
56.30303,83.83838,1,1,6.919192,4454545,445454.5,2.151515
56.36364,83.93939,1,1,6.969697,4545454,454545.5,2.181818
56.42424,84.0404,1,1,7.020202,4636363,463636.4,2.212121
56.48485,84.14141,1,1,7.070707,4727272,472727.3,2.242424
56.54545,84.24242,1,1,7.121212,4818181,481818.2,2.272727
56.60606,84.34343,1,1,7.171717,4909090,490909.1,2.30303
56.66667,84.44444,1,1,7.222222,5000000,500000,2.333333
56.72727,84.54545,1,1,7.272727,5090909,509090.9,2.363636
56.78788,84.64646,1,1,7.323232,5181818,518181.8,2.393939
56.84848,84.74747,1,1,7.373737,5272727,527272.7,2.424242
56.90909,84.84848,1,1,7.424242,5363636,536363.6,2.454545
56.9697,84.94949,1,1,7.474747,5454545,545454.5,2.484848
57.0303,85.05051,1,1,7.525253,5545454,554545.5,2.515152
57.09091,85.15152,1,1,7.575758,5636363,563636.4,2.545455
57.15152,85.25253,1,1,7.626263,5727272,572727.3,2.575758
57.21212,85.35354,1,1,7.676768,5818181,581818.2,2.606061
57.27273,85.45455,1,1,7.727273,5909090,590909.1,2.636364
57.33333,85.55556,1,1,7.777778,5999999,600000,2.666667
57.39394,85.65657,1,1,7.828283,6090909,609090.9,2.69697
57.45455,85.75758,1,1,7.878788,6181818,618181.8,2.727273
57.51515,85.85859,1,1,7.929293,6272727,627272.7,2.757576
57.57576,85.9596,1,1,7.979798,6363636,636363.6,2.787879
57.63636,86.06061,1,1,8.030303,6454545,645454.5,2.818182
57.69697,86.16162,1,1,8.080808,6545454,654545.5,2.848485
57.75758,86.26263,1,1,8.131313,6636363,663636.4,2.878788
57.81818,86.36364,1,1,8.181818,6727272,672727.3,2.909091
57.87879,86.46465,1,1,8.232323,6818181,681818.2,2.939394
57.93939,86.56566,1,1,8.282828,6909090,690909.1,2.969697
58,86.66667,1,1,8.333333,6999999,700000,3
58.06061,86.76768,1,1,8.383838,7090908,709090.9,3.030303
58.12121,86.86869,1,1,8.434343,7181817,718181.8,3.060606
58.18182,86.9697,1,1,8.484848,7272727,727272.7,3.090909
58.24242,87.07071,1,1,8.535354,7363636,736363.6,3.121212
58.30303,87.17172,1,1,8.585859,7454545,745454.5,3.151515
58.36364,87.27273,1,1,8.636364,7545454,754545.5,3.181818
58.42424,87.37374,1,1,8.686869,7636363,763636.4,3.212121
58.48485,87.47475,1,1,8.737374,7727272,772727.3,3.242424
58.54545,87.57576,1,1,8.787879,7818181,781818.2,3.272727
58.60606,87.67677,1,1,8.838384,7909090,790909.1,3.30303
58.66667,87.77778,1,1,8.888889,7999999,800000,3.333333
58.72727,87.87879,1,1,8.939394,8090908,809090.9,3.363636
58.78788,87.9798,1,1,8.989899,8181817,818181.8,3.393939
58.84848,88.08081,1,1,9.040404,8272726,827272.7,3.424242
58.90909,88.18182,1,1,9.090909,8363636,836363.6,3.454545
58.9697,88.28283,1,1,9.141414,8454545,845454.5,3.484848
59.0303,88.38384,1,1,9.191919,8545454,854545.5,3.515152
59.09091,88.48485,1,1,9.242424,8636363,863636.4,3.545455
59.15152,88.58586,1,1,9.292929,8727272,872727.3,3.575758
59.21212,88.68687,1,1,9.343434,8818181,881818.2,3.606061
59.27273,88.78788,1,1,9.393939,8909090,890909.1,3.636364
59.33333,88.88889,1,1,9.444444,8999999,900000,3.666667
59.39394,88.9899,1,1,9.494949,9090908,909090.9,3.69697
59.45455,89.09091,1,1,9.545455,9181817,918181.8,3.727273
59.51515,89.19192,1,1,9.59596,9272726,927272.7,3.757576
59.57576,89.29293,1,1,9.646465,9363635,936363.6,3.787879
59.63636,89.39394,1,1,9.69697,9454545,945454.5,3.818182
59.69697,89.49495,1,1,9.747475,9545454,954545.5,3.848485
59.75758,89.59596,1,1,9.79798,9636363,963636.4,3.878788
59.81818,89.69697,1,1,9.848485,9727272,972727.3,3.909091
59.87879,89.79798,1,1,9.89899,9818181,981818.2,3.939394
59.93939,89.89899,0,0,9.949495,9909090,990909.1,3.969697
60,90,0,0,10,9999999,1000000,4
