temperature,humidity,top_ice_accepted,water_sprinkle_accepted,ethylene_ppm,c02,oxygen,shelf_life
56.54545,88.9899,1,1,7.878788,3363636.0,854545.5,2.454545
54.96742,87.21804511,0,0,2.654135338,201754.38600000003,937543.8596,5.609022556
43.81818,94.54545,0,0,0.535354,38383.84,61515.15,6.25
52.58145,84.96240602,0,0,1.380952381,166666.6667,834912.2807,4.6516290730000005
53.38346,86.54135338,0,0,2.954887218,892982.4561,116491.2281,4.0100250630000005
53.86466,86.49122807,0,0,3.807017544,289473.6842,759649.1228,4.927318296
52.34085,80.05012531,0,0,1.922305764,1331578.947,625087.7193,5.944862155
58.9697,84.44444,1,1,8.131313,4090909.0,963636.4,1.181818
52.54135,83.38345865,0,0,3.887218045,826315.7895,481403.5088,4.020050125
55.167919999999995,87.31829574,0,1,3.656641604,208771.9298,504210.5263,5.804511278
51.73737,90.10101,0,0,0.40404,29292.93,68787.88,7.0
54.424240000000005,86.76768,1,1,7.171717,7636363.0,609090.9,2.272727
53.14286,81.97994987,0,0,2.28320802,173684.2105,472280.7018,5.704260652
57.39394,81.0101,1,1,6.717172,8363636.0,618181.8,1.151515
50.32323,90.60606,0,0,0.69697,66666.67,67575.76,6.75
55.4386,87.64411028,0,0,4.578947368,1464912.281,568070.1754,4.852130326
54.58647,81.62907268,0,0,1.210526316,612280.7018,709473.6842,5.679197995
52.5614,86.56641604,0,0,3.325814536,836842.1053,643333.3333,4.22556391
54.52632,81.92982456,0,0,2.934837093,1338596.491,520175.4386,5.654135338
57.575759999999995,90.0,1,1,6.161616,4545454.0,218181.8,3.1515150000000003
54.99749,85.98997494,0,0,1.581453634,833333.3333,638771.9298,5.3132832080000005
53.47368,82.48120301,0,0,2.13283208,643859.6491,397017.5439,4.080200501
58.424240000000005,85.85859,1,1,7.828283,5000000.0,163636.4,3.7575760000000002
54.636590000000005,81.42857143,1,0,3.496240602,570175.4386,417543.8596,5.634085213
53.313280000000006,87.44360902,0,0,3.796992481,1005263.1579999999,901052.6316,4.3859649119999995
55.53885,83.53383459,0,0,4.3483709269999995,1296491.228,725438.5965,5.182957393
53.22306,83.30827068,0,0,2.43358396,1191228.07,100526.3158,4.050125313000001
54.456140000000005,88.19548872,0,0,1.781954887,984210.5263,319473.6842,5.629072682
52.46115,89.27318296,0,0,3.766917293,1145614.035,490526.3158,4.395989975
55.69925,81.02756892,0,0,2.573934837,377192.9825,335438.5965,5.453634085
52.38095,85.28822055,0,1,4.1578947369999995,1468421.053,818947.3684,5.2932330830000005
54.93734,88.84711779,0,0,2.5438596490000003,1387719.2980000002,308070.1754,4.646616541
54.686719999999994,88.12030075,0,0,1.4210526319999999,1303508.772,764210.5263,4.5964912280000005
54.285709999999995,87.66917293,0,0,3.827067669,1314035.088,650175.4386,5.032581454
57.09091,82.32323000000001,1,1,7.121212,3909091.0,500000.0,2.30303
54.53634,84.28571429,0,0,1.080200501,875438.5965,930701.7544,4.250626566
55.36841999999999,89.22305764,0,0,4.318295739,896491.2281,342280.7018,5.137844612
46.64646,92.67676999999999,0,0,0.212121,67676.77,76060.61,6.0
55.528819999999996,87.16791979999999,0,0,4.35839599,1236842.105,556666.6667,4.040100251
53.894740000000006,81.25313283,0,1,3.736842105,149122.807,155263.1579,5.954887218
54.73684,84.53634085,0,0,4.7092731830000005,503508.7719,303508.7719,4.506265664
49.050509999999996,91.91919,0,0,0.030302999999999997,18181.82,50000.0,7.0
54.18546,80.37593985,0,1,1.30075188,1247368.4209999999,157543.8596,4.71679198
54.64662,84.88721805,0,0,4.468671679,114035.0877,828070.1754,4.5162907269999994
54.90727,85.88972431,0,0,4.4987468669999995,819298.2456,672982.4561,5.709273183
55.97995,83.88471178,0,0,2.463659148,682456.1404,661578.9474,5.318295739
52.25063,83.03258145,0,0,3.155388471,703508.7719,832631.5789,5.979949875
47.636359999999996,90.0,0,0,0.757576,3030.303,51818.18,6.25
54.987469999999995,82.63157895,0,0,4.408521303000001,633333.3333,310350.8772,4.812030075
54.215540000000004,87.99498747,1,1,3.335839599,815789.4737,793859.6491,5.243107769
43.53535,94.14141,0,0,0.131313,88888.89,78484.85,7.0
52.69173000000001,87.79448622,0,0,2.984962406,1363157.895,340000.0,5.553884712
55.86966999999999,86.76691729,0,1,1.822055138,1391228.07,791578.9474,4.902255639
53.95489,89.19799499,0,0,1.802005013,1061403.509,942105.2632,5.443609023
55.57895,85.81453634,0,0,1.320802005,657894.7368,483684.2105,4.49122807
52.67168,83.95989975,1,0,4.929824561,654385.9649,620526.3158,4.4411027569999995
53.73434,80.60150376,0,0,3.37593985,1121052.632,287543.8596,4.0651629069999995
54.666669999999996,85.71428571,0,0,3.385964912,626315.7895,485964.9123,5.834586466
54.00501,88.34586466,0,0,1.070175439,535087.7193,894210.5263,5.117794486
52.22055,82.2556391,0,0,3.185463659,1349122.8069999998,602280.7018,4.15037594
56.90909,82.82828,1,1,6.111111,1000000.0,200000.0,3.8484849999999997
55.3584,86.11528822,0,0,4.438596491,1401754.386,748245.6140000001,4.0300751880000005
54.59649,84.26065163,0,0,2.6842105259999998,1222807.018,775614.0351,5.764411028
48.48485,90.90909,0,0,0.141414,55555.56,57878.79,6.75
52.39098,88.74686717,1,1,2.243107769,292982.4561,223684.2105,4.070175439
41.55556,94.34343,0,0,0.9595959999999999,84848.48,63030.3,6.0
54.91729,80.45112782,0,0,2.273182957,324561.4035,531578.9474,5.037593985
52.1604,84.18546366,1,0,3.205513784,731578.9474,967192.9825,5.964912281
53.68421,87.84461153,0,0,4.65914787,798245.6140000001,869122.807,5.087719298000001
54.24561,84.61152882,0,0,1.110275689,1114035.088,440350.8772,4.987468672
53.15152,92.27273000000001,0,0,0.727273,85858.59,55757.58,6.25
58.90909,83.93939,1,1,6.060606,7909090.0,109090.9,2.181818
42.40404,94.39394,0,0,0.555556,48484.85,57575.76,6.0
52.74185,82.85714286,0,0,2.714285714,1254385.965,798421.0526,5.824561404
50.18182,93.53535,0,0,0.9696969999999999,91919.19,79393.94,6.0
53.05263000000001,80.15037594,0,0,4.50877193,622807.0175,771052.6316,4.095238095
53.88471,82.0802005,0,0,1.240601504,1398245.614,789298.2456,5.77443609
52.49123,81.40350877,0,0,2.604010025,1026315.7890000001,958070.1754,4.19047619
55.548869999999994,81.90476190000001,0,0,4.05764411,1478947.368,447192.9825,5.614035088
54.72727,89.39394,1,1,7.424242,9181817.0,772727.3,1.727273
53.15288,84.68671679,0,0,2.77443609,1257894.737,953508.7719,5.01754386
52.41103,84.78696742,0,1,2.172932331,1380701.754,422105.2632,4.7819548869999995
55.0303,89.29293,1,1,5.757576,6090909.0,718181.8,1.0
54.94736999999999,82.28070175,1,0,2.423558897,1215789.4740000002,846315.7895,4.496240602
54.79699,82.78195489,0,1,2.2030075190000002,257894.7368,768771.9298,4.1954887219999994
53.714290000000005,85.23809524,0,1,4.5187969919999995,752631.5789,237368.4211,5.989974937
52.6015,88.47117794,0,0,1.571428571,889473.6842,93684.21053,4.2556390980000005
55.37845,86.94235589,0,0,1.220551378,1085964.912,289824.5614,5.949874687
59.818180000000005,88.48485,1,1,6.919192,6636363.0,236363.6,3.30303
55.849619999999994,84.71177945,0,0,4.378446115,1307017.544,200877.193,5.167919799
53.844609999999996,82.13032581,0,1,3.055137845,457894.7368,572631.5789,5.889724311
53.06266,88.72180451,0,0,4.749373434,121052.6316,367368.4211,4.6716791980000005
59.333330000000004,83.63636,1,1,6.363636,9090908.0,745454.5,1.545455
53.61404,85.01253133,0,0,4.5388471180000005,945614.0351,118771.9298,5.248120301
54.82706999999999,81.30325815,0,0,4.69924812,422807.0175,337719.2982,4.3508771930000005
55.909769999999995,82.95739348,0,0,3.125313283,1064912.281,647894.7368,5.43358396
55.92981999999999,80.25062657,0,0,2.09273183,756140.3509,752807.0175,4.546365915
49.75758,90.40404000000001,0,0,0.909091,36363.64,59393.94,6.5
52.10025,89.74937343,0,0,2.2130325809999998,829824.5614,579473.6842,5.884711779
40.9899,93.58586,0,0,0.10101,42424.24,80000.0,7.0
54.84848,82.52525,1,1,10.0,4272727.0,800000.0,1.30303
55.81955,81.20300752,0,0,4.719298246,307017.5439,939824.5614,5.69924812
52.401,87.94486216,0,0,2.0325814540000002,447368.4211,321754.386,5.644110276
54.17544,80.47619048,0,0,3.295739348,1471929.825,355964.9123,5.929824561
52.31078,85.68922306,0,1,1.962406015,380701.7544,80000.0,5.298245614
53.59398,83.7593985,0,0,4.739348371,689473.6842,214561.4035,4.325814536
53.253130000000006,82.00501253,1,1,2.122807018,1082456.14,385614.0351,5.84962406
55.2782,81.5037594,0,0,4.829573935,1271929.825,294385.9649,4.967418546
52.35088,83.05764411,0,0,2.3533834590000002,401754.386,926140.3509,5.458646617
53.35338,84.5112782,1,0,4.268170426,356140.3509,946666.6667,5.649122807
53.604009999999995,80.85213033,0,0,4.1779448619999995,1022807.0179999999,985438.5965,5.689223058
53.102759999999996,84.43609023,0,0,1.411027569,1159649.123,951228.0702,5.3483709269999995
45.93939,90.05051,0,0,0.59596,86868.69,75151.52,6.75
52.170429999999996,82.40601504,0,0,3.015037594,450877.19299999997,392456.1404,5.498746867
52.82206,88.59649123,1,0,4.167919799,1107017.544,686666.6667,4.055137845
54.71679,81.3283208,0,0,2.694235589,247368.4211,164385.9649,4.1403508769999995
45.797979999999995,91.21212,0,0,0.020202,58585.86,71818.18,6.5
53.46366,86.2406015,0,1,3.86716792,1089473.6840000001,178070.1754,4.270676691999999
54.77694,88.52130326,0,0,1.511278195,847368.4211,666140.3509,5.779448622
55.26817,81.15288221,0,0,3.095238095,998245.6140000001,695789.4737,4.4812030080000005
52.1203,86.06516291,0,0,4.458646617,482456.1404,312631.5789,4.8370927319999995
41.83838,94.49495,0,0,0.767677,27272.73,53636.36,6.0
54.23559,86.91729323,0,0,1.892230576,952631.5789,990000.0,5.338345865
54.44611999999999,82.30576441,1,0,1.0300751879999999,1135087.719,773333.3333,5.388471178
44.101009999999995,93.63636,0,0,0.414141,73737.37,50909.09,6.0
49.47475,91.36364,0,0,0.626263,5050.505,79696.97,6.5
43.67677,93.83838,0,0,0.232323,72727.27,75454.55,6.0
53.012530000000005,84.81203008,0,0,1.2907268170000001,1370175.439,736842.1053,5.939849624
52.2807,87.76942356,0,0,2.634085213,721052.6316,727719.2982,4.170426065
53.0101,93.38384,0,0,0.686869,28282.83,68484.85,6.25
53.493730000000006,81.22807018,0,1,4.8395989969999995,1300000.0,278421.0526,4.3107769419999995
53.042609999999996,88.82205514,0,0,2.92481203,300000.0,875964.9123,4.56641604
52.7218,81.70426065,0,0,3.576441103,924561.4035,180350.8772,5.042606516
46.50505,91.76768,0,0,0.040404,2020.2020000000002,62727.27,6.5
54.666669999999996,81.81818,1,1,6.565657000000001,6181818.0,763636.4,3.090909
40.0,90.30303,0,0,0.313131,95959.6,59696.97,6.25
55.6792,89.37343358,0,0,1.441102757,882456.1404,837192.9825,5.919799499
53.182959999999994,88.07017544,0,1,2.233082707,184210.5263,796140.3509,4.1253132830000006
55.33835,85.91478697,0,0,2.724310777,717543.8596,501929.8246,5.012531328
44.52525,91.11111,0,0,0.89899,76767.68,56666.67,7.0
52.50125,81.35338346,0,0,1.79197995,521052.6316,365087.7193,5.203007519
52.922309999999996,83.50877193,0,0,1.521303258,296491.2281,552105.2632,5.478696742
55.08772,83.43358396,0,1,4.1979949869999995,275438.5965,784736.8421,5.814536341
55.82957,80.50125313,0,0,1.170426065,629824.5614,914736.8421,4.827067669
42.82828,91.41414,0,0,0.24242399999999997,46464.65,74848.48,6.75
55.599,89.64912281,0,0,3.085213033,907017.5439,492807.0175,5.488721805
53.26316,85.96491228,0,0,3.005012531,931578.9474,588596.4912,4.4461152880000006
53.87469,87.04260652,0,0,4.308270676999999,878947.3684,538421.0526,4.541353383
52.55138,88.02005013,0,0,1.471177945,163157.8947,102807.0175,4.9724310780000005
53.654140000000005,86.04010025,0,0,4.087719298000001,1075438.596,173508.7719,4.751879699
55.85965,88.57142857,0,1,4.639097744,1138596.491,866842.1053,4.9172932330000005
52.07018,88.69674185,0,0,4.979949875,573684.2105,431228.0702,4.035087719
54.07519,84.86215539,0,0,3.395989975,587719.2982,374210.5263,4.45112782
57.87879,87.17172,1,1,8.484848,3545454.0,818181.8,1.242424
53.292930000000005,94.89899,0,0,0.808081,82828.28,67272.73,7.0
54.155390000000004,86.79197995,0,0,1.020050125,707017.5439,542982.4561,5.1578947369999995
55.6391,88.32080201,0,0,4.127819549,408771.9298,152982.4561,5.784461153
52.01003,86.09022556,0,0,4.258145363,1205263.158,465438.5965,4.616541353
55.02757,80.30075188,1,0,2.102756892,822807.0175,146140.3509,4.2756892230000005
52.15038,87.81954887,0,0,3.536340852,1352631.5790000001,408421.0526,4.7619047619999995
55.7594,85.06265664,0,0,4.0476190480000005,608771.9298,711754.3859999999,4.626566416
52.0202,91.81818,0,0,0.20202,4040.4040000000005,66060.61,6.5
44.949490000000004,92.62626,0,0,0.44444399999999995,8080.808000000001,63939.39,6.5
55.62907,84.56140351,0,0,4.01754386,489473.6842,495087.7193,5.959899749
55.74936999999999,80.52631579,0,0,1.130325815,1117543.86,276140.3509,4.771929825
54.756890000000006,81.82957393,0,0,4.6491228069999995,419298.2456,629649.1228,4.2907268169999995
54.242419999999996,85.25253000000001,1,1,8.232323,7454545.0,981818.2,3.666667
45.65657,92.52525,0,0,0.080808,26262.63,56060.61,6.25
52.862159999999996,82.60651629,0,0,4.779448622,1500000.0,189473.6842,4.5363408519999995
55.30826999999999,85.78947368,0,0,3.285714286,956140.3509,95964.91227999999,5.523809524
54.97744,87.7443609,0,0,1.7418546369999999,801754.3859999999,636491.2281,4.666666667
57.27273,84.84848000000001,1,1,5.353535,4909090.0,736363.6,1.030303
51.17172,90.65657,0,0,0.818182,70707.07,54242.42,6.75
55.45865,81.47869674,0,0,3.706766917,770175.4386,132456.1404,4.185463659
54.506269999999994,89.92481203,0,0,1.751879699,264912.2807,123333.3333,5.2380952380000005
47.49495,91.56566,0,0,0.151515,57575.76,66666.67,6.5
54.36591,83.0075188,0,0,3.466165414,131578.9474,857719.2982,4.335839599
46.22222,93.28283,0,0,0.515152,71717.17,70000.0,6.25
53.904759999999996,82.68170426,1,0,3.365914787,170175.4386,654736.8421,4.9924812030000005
54.25564,80.02506266,0,0,1.060150376,317543.8596,517894.7368,4.721804511
55.17794,80.7518797,0,0,1.651629073,763157.8947,536140.3509,5.268170426
58.54545,89.49495,1,1,6.8686869999999995,8636363.0,145454.5,1.787879
53.58396,83.80952381,0,0,4.488721805,868421.0526,253333.3333,4.696741855
55.15789,85.33834586,1,0,1.140350877,1029824.561,910175.4386,5.558897243
53.92481,80.97744361,0,0,4.107769424,373684.2105,371929.8246,4.0852130330000005
53.08271,89.54887218,1,0,3.927318296,1275438.596,121052.6316,4.431077694
52.471180000000004,87.36842105,0,0,3.877192982,1166666.6670000001,549824.5614,4.5764411030000005
55.5188,80.65162907,0,0,4.077694236,514035.0877,141578.9474,4.295739348
49.898990000000005,90.45455,0,0,0.838384,75757.58,55454.55,7.0
53.99499,85.6641604,0,0,1.842105263,1036842.105,159824.5614,5.969924812
52.2406,81.17794486,0,0,3.71679198,1496491.2280000001,677543.8596,4.3308270680000005
47.21212,94.79798000000001,0,0,0.585859,40404.04,62121.21,6.0
53.724309999999996,85.18796992,0,0,2.744360902,552631.5789,545263.1579,5.769423559
55.24811999999999,84.16040100000001,0,0,1.45112782,1394736.842,707192.9825,5.35839599
52.3208,88.97243108,0,0,4.8596491230000005,1324561.404,456315.7895,4.210526316
58.84848,89.59595999999999,1,1,5.303030000000001,3181818.0,227272.7,2.242424
55.38847,85.46365915,0,0,3.476190476,854385.9649,387894.7368,5.052631579
55.45455,83.83838,1,0,9.343434,7727272.0,700000.0,3.9090910000000005
42.12121,93.78788,0,0,0.989899,47474.75,78787.88,6.75
55.09774,86.21553885,0,0,1.040100251,524561.4035,732280.7018,5.1228070180000005
53.11278000000001,83.58395990000001,0,0,1.050125313,1345614.035,314912.2807,4.436090226
53.94486,89.0726817,0,0,1.64160401,678947.3684,269298.2456,4.155388471
54.807019999999994,88.09523809999999,1,0,3.977443609,1321052.632,150701.7544,5.468671679
58.181819999999995,85.35354,1,1,8.636364,7090908.0,190909.1,4.0
52.4411,85.38847118,0,0,4.298245614,871929.8246,497368.4211,4.471177945
54.67669,80.17543859999999,0,0,2.3634085209999998,1156140.351,239649.1228,4.240601504
52.26065,87.46867168,0,0,4.9699248119999995,1310526.3159999999,454035.0877,4.776942356
53.85859,93.0303,0,0,0.06060599999999999,11111.11,77878.79,6.5
52.96241,82.88220551,0,0,2.834586466,1440350.8769999999,688947.3684,4.711779449
55.047619999999995,86.9924812,0,0,2.483709273,759649.1228,412982.4561,5.28320802
55.408519999999996,86.46616541,0,0,4.759398496,991228.0702,743684.2105,4.581453634
55.3985,89.39849624,0,0,2.2230576440000003,1131578.947,698070.1754,5.573934837
56.12121,82.92929000000001,1,1,8.989899000000001,9818181.0,381818.2,2.090909
53.52381,89.2481203,0,0,3.596491228,675438.5965,260175.4386,5.669172932
55.11779,80.90225564,0,0,4.629072681999999,1489473.6840000001,889649.1228,5.112781955
57.93939,83.23232,1,1,9.191919,1636364.0,209090.9,3.424242
53.76441,82.55639098,0,0,4.84962406,433333.3333,241929.8246,4.401002506
44.24242,91.61616,0,0,0.323232,51515.15,53333.33,7.0
59.51515,81.71717,1,1,5.656566000000001,1909091.0,600000.0,1.909091
57.15152,80.40404000000001,1,1,5.151515,6545454.0,863636.4,2.545455
54.395990000000005,82.75689223,0,0,4.228070175,1317543.86,663859.6491,4.656641604
54.181819999999995,83.43434,1,1,7.272727000000001,4181818.0,945454.5,2.424242
53.483709999999995,80.0,0,1,3.967418546,1001754.3859999999,435789.4737,5.1779448619999995
54.37594,86.44110276,0,0,2.0225563909999997,1040350.877,907894.7368,4.456140351
58.60606,81.21212,1,1,6.313130999999999,8090908.0,881818.2,3.272727
53.784459999999996,83.48370927,1,0,3.406015038,240350.8772,917017.5439,5.333333333
53.333330000000004,86.89223058,0,0,2.804511278,485964.9123,351403.5088,4.320802005
41.13131,94.09091,0,0,0.747475,31313.13,73939.39,7.0
50.88889,92.0202,0,0,0.070707,6060.606,53030.3,6.75
50.46465,94.94949,0,0,0.606061,61616.16,76363.64,6.5
54.867169999999994,87.11779449,0,0,2.614035088,278947.3684,987719.2982,4.79197995
42.9697,91.66667,0,0,0.575758,32323.23,77272.73,7.0
54.32581,81.52882206,0,0,4.919799499,685964.9123,704912.2807,5.92481203
54.516290000000005,83.70927318,0,0,1.761904762,107017.5439,228245.61399999997,4.571428571
45.23232,91.71717,0,0,0.646465,98989.9,56363.64,7.0
52.09023,84.58646617,0,0,4.6892230580000005,1100000.0,755087.7193,4.1804511280000005
55.05764,89.69924812,0,0,4.80952381,394736.8421,460877.19299999997,4.175438596
53.64411,82.18045113,1,0,3.245614035,1384210.5259999998,369649.1228,5.528822055
57.51515,85.55556,1,1,9.646465,2545454.0,918181.8,2.939394
54.88721999999999,87.09273183,0,1,4.598997494,310526.3158,802982.4561,5.303258145
54.55639,81.65413534,1,0,4.288220551,542105.2632,584035.0877,5.994987469
53.23308000000001,81.45363409,0,0,1.731829574,987719.2982,615964.9123,5.393483709
55.197990000000004,83.23308271,0,0,3.315789474,619298.2456,317192.9825,4.997493734
58.72727,84.94949,1,1,5.858586,6909090.0,754545.5,1.666667
55.76942,85.43859649,1,0,2.1929824559999997,1015789.474,105087.7193,4.380952381
53.774440000000006,83.93483709,0,0,1.882205514,1180701.754,634210.5263,4.4260651630000005
47.77778,93.88889,0,0,0.737374,97979.8,60000.0,7.0
55.89975,88.24561404,0,0,3.676691729,363157.8947,739122.807,5.894736842
52.86869,94.84848000000001,0,0,0.9494950000000001,64646.46,65151.52,6.25
53.192980000000006,82.05513784,0,1,3.436090226,745614.0351,761929.8246,5.353383459
52.27068,82.15538847,0,0,4.448621554,661403.5088,232807.0175,5.223057644
55.15152,82.72726999999999,1,1,5.707071,6999999.0,845454.5,2.515152
48.06061,90.50505,0,0,0.525253,63636.36,50606.06,7.0
47.91919,91.86869,0,0,0.656566,15151.52,79090.91,6.25
55.14787,86.29072682,0,0,4.037593985,591228.0702,641052.6316,5.984962406
52.6416,81.57894737,0,0,1.1203007520000001,212280.7018,381052.6316,4.005012531
53.00251,89.52380952,0,1,3.636591479,1177192.982,470000.0,5.13283208
59.09091,86.86869,1,1,8.737374,7999999.0,463636.4,3.0
55.51515,87.07070999999999,1,1,9.242424,4454545.0,581818.2,3.818182
52.97243,84.48621554,0,0,1.9122807019999999,1103508.772,488245.614,4.8571428569999995
52.93233000000001,87.54385965,0,0,3.516290727,1250877.193,657017.5439,5.278195489
55.03759,82.93233083,0,0,4.9899749369999995,1184210.5259999998,292105.2632,4.060150376
53.53383,84.9122807,0,0,1.5914786969999999,538596.4912,862280.7018,5.904761905
53.12281,81.72932331,0,0,2.473684211,671929.8246,235087.7193,4.912280701999999
53.91479,83.68421053,0,0,2.974937343,510526.3158,921578.9474,4.731829574
52.66165,85.31328321,1,0,4.2180451130000005,110526.3158,969473.6842,5.062656642
59.0303,82.0202,1,1,7.575758,8272726.0,972727.3,1.393939
54.05514,86.64160401,1,0,1.872180451,177192.9825,458596.4912,4.260651629
55.68922,82.23057644,0,0,1.561403509,1194736.842,479122.80700000003,4.7468671680000005
54.566419999999994,85.26315789,0,0,4.769423559,215789.4737,604561.4035,4.421052632
58.666669999999996,87.47475,1,1,6.6666669999999995,8545454.0,554545.5,1.969697
52.06015,86.84210526,0,0,1.230576441,545614.0351,606842.1053,5.619047619
57.636359999999996,81.11111,1,1,9.949494999999999,5181818.0,954545.5,1.515152
52.14035,80.22556391,0,0,2.072681704,885964.9123,86842.10526,5.563909774
47.35354,91.06061,0,0,0.43434300000000003,9090.909,69393.94,6.75
54.9697,87.57576,1,1,9.59596,3727272.0,572727.3,3.7272730000000003
54.0,90.85859,0,0,0.272727,49494.95,70606.06,7.0
49.33333,92.17172,0,0,0.11111099999999999,54545.45,64545.45,6.5
53.50376,89.29824561,0,0,2.864661654,1359649.1230000001,944385.9649,5.674185464
54.54545,88.88889,1,1,8.282828,7818181.0,481818.2,2.0
41.41414,94.19192,0,0,0.48484799999999995,100000.0,62424.24,6.25
52.0802,83.20802005,0,0,2.443609023,440350.8772,449473.6842,5.844611529
40.70707,94.29293,0,0,0.505051,79797.98,58484.85,7.0
54.78697,88.39598997,0,0,3.917293233,840350.8772,216842.1053,5.3684210530000005
55.93939,80.60606,1,1,7.373736999999999,5999999.0,809090.9,1.363636
54.41604,85.86466165,0,0,3.90726817,1278947.368,257894.7368,5.107769424
53.27318,87.89473684,1,0,3.987468672,577192.9825,928421.0526,5.2731829569999995
48.202020000000005,92.47475,0,0,0.292929,21212.12,52121.21,6.5
56.60606,85.65657,1,1,8.888889,7181817.0,536363.6,1.575758
58.78788,87.9798,1,1,7.979798,1181818.0,336363.6,2.727273
52.73183,86.5914787,0,1,4.147869674,1328070.175,143859.6491,5.448621554
52.43108,88.64661654,0,0,1.601503759,1450877.1930000002,860000.0,5.408521303
56.48485,80.20201999999999,1,1,5.959596,9636363.0,690909.1,3.575758
54.335840000000005,89.87468672,0,0,2.904761905,412280.7018,524736.8421,4.360902256
55.80951999999999,80.35087719,0,1,4.3283208019999995,640350.8772,974035.0877,4.130325815
57.45455,85.05051,1,1,8.787879,1727273.0,990909.1,1.484848
56.242419999999996,84.74746999999999,1,1,6.212121,2636363.0,136363.6,3.333333
52.050129999999996,83.28320802,0,0,4.869674185,857894.7368,282982.4561,4.110275689
40.56566,93.68687,0,0,0.383838,87878.79,72727.27,6.0
55.137840000000004,89.79949875,0,0,1.010025063,1268421.053,271578.9474,4.090225564
53.453630000000004,88.14536341,0,0,3.1754385960000002,1429824.561,301228.0702,5.1629072680000005
58.242419999999996,80.30303,1,1,9.848485,4727272.0,427272.7,3.121212
53.834590000000006,87.9197995,1,1,3.22556391,384210.5263,114210.5263,5.578947368
53.29323,81.07769424,0,0,1.15037594,226315.7895,675263.1579,5.072681704
43.39394,93.93939,0,0,0.777778,45454.55,63636.36,6.75
52.591480000000004,85.76441103,0,0,2.313283208,864912.2807,467719.2982,5.403508772
54.72682,83.33333333,0,1,1.390977444,1124561.404,463157.8947,4.100250627
53.79449,85.41353383,0,0,1.34085213,222807.0175,816666.6667,4.4160401
40.424240000000005,92.37374,0,0,0.282828,23232.32,77575.76,7.0
52.0401,89.84962406,0,0,1.721804511,349122.80700000003,878245.6140000001,4.691729323000001
44.66667,91.51515,0,0,0.010101,44444.44,60909.09,6.0
55.333330000000004,85.75758,1,1,7.777778,9909090.0,727272.7,1.121212
52.19048,87.06766917,0,0,1.100250627,563157.8947,406140.3509,5.604010025
53.56391,89.32330827,0,0,3.937343358,1163157.895,255614.0351,4.285714286
42.26263,92.87879000000001,0,0,0.616162,90909.09,73333.33,6.0
53.93484,83.08270677,0,0,5.0,1408771.93,403859.6491,4.205513784
56.363640000000004,86.9697,1,1,5.40404,8999999.0,518181.8,3.8787879999999997
55.7193,89.77443609,0,0,2.413533835,117543.8596,280701.7544,4.8020050130000005
59.39394,86.36364,1,1,8.080808,5818181.0,363636.4,2.757576
58.0,89.69697,1,1,6.969697,3272727.0,490909.1,3.060606
52.511280000000006,81.87969925,1,0,3.606516291,1412280.7019999998,787017.5439,4.832080201
54.025059999999996,86.71679198,1,0,3.305764411,970175.4386,960350.8772,4.892230576
55.32832,81.80451128,0,1,4.528822055,475438.5965,718596.4912,5.0075187969999995
52.2005,88.6716792,0,0,3.947368421,784210.5263,506491.2281,5.2180451130000005
55.06766999999999,86.81704261,0,0,4.398496241,724561.4035,326315.7895,5.588972431
54.85714,80.55137845,0,0,1.501253133,352631.5789,627368.4211,4.6315789469999995
55.49875,84.41102757,0,0,1.350877193,461403.5088,574912.2807,4.2355889719999995
54.30576,81.55388471,1,0,3.666666667,861403.5088,814385.9649,5.483709273
52.832080000000005,87.56892231,0,0,3.526315789,405263.1579,175789.4737,5.859649123
41.9798,94.74746999999999,0,0,0.171717,20202.02,63333.33,6.25
55.969919999999995,83.10776942,0,0,3.135338346,1043859.6490000001,210000.0,4.621553885
53.20301,86.74185464,0,0,2.6741854640000002,1149122.807,563508.7719,4.90726817
53.67419,81.95488722,0,0,2.162907268,1292982.456,873684.2105,4.661654135
59.93939,84.64646,1,1,9.141414,4363636.0,300000.0,2.030303
55.87879,89.19192,1,1,9.89899,4818181.0,290909.1,3.606061
53.243109999999994,89.89974937,0,0,2.814536341,1475438.596,679824.5614,4.957393484
55.69696999999999,87.67676999999999,1,1,6.515152,9272726.0,645454.5,3.787879
55.2381,80.07518797,0,0,1.270676692,187719.2982,830350.8772,4.847117794
56.9697,84.24242,1,1,8.686869,6818181.0,827272.7,3.212121
53.81454,83.45864662,0,0,1.160401003,500000.0,841754.3859999999,4.8220551380000005
52.771930000000005,87.19298246,0,0,3.486215539,285964.9123,682105.2632,4.6115288219999995
53.40351,83.15789474,0,0,4.137844612,650877.193,734561.4035,4.355889724
52.892230000000005,81.12781955,0,0,2.8546365910000002,714035.0877,561228.0702,5.518796992
55.18796999999999,85.56390977,0,1,1.671679198,1366666.667,645614.0351,5.1979949869999995
57.0303,83.0303,1,1,5.0,9363635.0,590909.1,2.606061
53.98496,85.21303258,0,1,4.949874686999999,728070.1754,451754.386,5.438596491
52.982459999999996,86.19047619,0,0,1.812030075,1229824.561,586315.7895,4.817042607
56.181819999999995,85.45455,1,1,5.20202,5363636.0,909090.9,2.666667
59.636359999999996,87.77778,1,1,7.323232000000001,3000000.0,418181.8,2.060606
53.80451,85.93984962,1,1,2.293233083,1047368.421,438070.1754,5.2531328319999995
53.28321,85.53884712,1,0,4.8195488719999995,980701.7544,652456.1404,5.378446115
52.88221,87.59398496,0,0,2.884711779,668421.0526,590877.193,4.736842105
55.27273,84.54545,1,1,7.525253,8727272.0,836363.6,3.030303
52.03008,84.11027569,1,0,1.8621553880000001,1243859.649,805263.1579,5.002506266
55.61905,83.4085213,0,0,3.426065163,205263.1579,399298.2456,5.503759398
51.0303,95.0,0,0,0.8888889999999999,16161.62,69696.97,6.25
48.34343,90.55556,0,0,0.787879,17171.72,73030.3,6.25
52.37093,83.85964912,0,0,2.754385965,194736.8421,511052.6316,4.345864662
55.818180000000005,80.80808,1,1,8.838384,6454545.0,254545.5,1.090909
55.8396,81.75438596,1,0,3.275689223,692982.4561,198596.4912,4.0
54.90909,85.9596,1,1,8.585859,5727272.0,545454.5,3.939394
54.70677,86.96741855,0,0,4.909774436,436842.1053,527017.5439,5.759398496
54.43609,89.47368421,0,0,1.852130326,914035.0877,880526.3158,5.288220551
55.21212,86.66667,1,1,6.262626,3636363.0,472727.3,1.606061
54.83709,89.14786967,0,0,1.2005012529999999,398245.614,611403.5088,4.1052631580000005
55.50877,82.33082707,0,0,4.54887218,1187719.298,554385.9649,5.62406015
52.87218000000001,82.58145363,0,0,1.481203008,735087.7193,349122.80700000003,4.561403509
52.70175,88.37092732,0,0,3.456140351,1377192.9819999998,139298.2456,4.26566416
54.35589,81.67919799,0,0,1.431077694,1335087.719,821228.0702,5.022556391
53.02256,85.13784461,0,0,2.393483709,103508.7719,923859.6491,4.807017544
52.5213,83.73433584,0,1,3.4160401,282456.1404,125614.0351,4.681704261
46.363640000000004,91.9697,0,0,0.12121199999999999,41414.14,65757.58,6.25
53.974940000000004,82.53132832,0,0,3.506265664,787719.2982,962631.5789,5.05764411
54.426069999999996,84.23558897,0,0,4.609022556,492982.4561,964912.2807,5.664160401
52.6817,84.08521303,0,1,2.593984962,850877.193,613684.2105,4.9523809519999995
42.68687,92.82828,0,0,0.090909,12121.21,64242.42,6.0
54.606519999999996,84.13533835,1,0,3.847117794,935087.7193,766491.2281,5.413533835
50.60606,94.59595999999999,0,0,0.252525,81818.18,54848.48,6.0
55.8797,86.66666667,0,0,4.588972431,236842.1053,693508.7719,4.0451127819999995
52.72727,94.69697,0,0,0.707071,34343.43,58181.82,6.75
54.26566,83.60902256,0,0,2.62406015,345614.0351,130175.4386,4.34085213
54.47619,80.20050125,0,1,4.619047619,528070.1754,522456.1404,4.390977444
55.5589,80.70175439,0,0,2.784461153,605263.1579,401578.9474,5.172932331
56.78788,87.87879000000001,1,1,9.292928999999999,9999999.0,118181.8,2.818182
54.14536,88.99749373,0,0,4.8796992480000005,180701.7544,540701.7544,5.0827067669999995
52.99248000000001,84.31077694,0,0,2.253132832,973684.2105,741403.5088,5.819548872
52.0,81.10275689,1,0,4.729323308000001,128070.1754,932982.4561,5.829573935
56.72727,85.15151999999999,1,1,7.020202,1272727.0,154545.5,2.8484849999999997
53.363409999999995,80.82706767,0,0,4.0676691730000005,1008771.93,976315.7895,5.2330827069999994
54.345859999999995,83.65914787,0,0,4.338345865,1226315.789,570350.8772,5.684210526
53.513780000000004,87.39348371,0,0,1.551378446,1422807.0180000002,702631.5789,4.887218045
53.44361,82.43107769,0,0,2.964912281,268421.0526,415263.1579,4.526315789
54.13534,85.73934837,0,0,3.355889724,903508.7719,219122.807,5.799498747
54.29574,80.77694236,0,0,4.568922306,1233333.3329999999,597719.2982,5.639097744
48.626259999999995,90.80808,0,0,0.79798,78787.88,74242.42,6.0
53.303259999999995,89.82456140000001,1,0,3.045112782,314035.0877,444912.2807,5.879699248
54.546369999999996,86.41604009999999,1,0,1.711779449,1068421.053,285263.1579,4.937343358
57.69696999999999,82.42424,1,1,5.505051,2090909.0,127272.7,3.69697
44.80808,93.9899,0,0,0.343434,50505.05,55151.52,7.0
44.38384,92.92929000000001,0,0,0.30303,68686.87,78181.82,6.75
54.626569999999994,88.54636591,0,0,2.333333333,1289473.6840000001,107368.4211,4.280701754
58.12121,80.0,1,1,8.333333,6363636.0,509090.9,2.363636
57.21212,84.34343,1,1,7.727272999999999,9454545.0,781818.2,2.909091
40.14141,92.77778,0,0,0.8686870000000001,65656.57,72424.24,6.25
55.42856999999999,84.01002506,0,1,3.756892231,321052.6316,168947.3684,5.789473684
50.0404,90.15151999999999,0,0,1.0,37373.74,52424.24,6.75
40.84848,90.9596,0,0,0.454545,77777.78,57272.73,7.0
54.19549,85.61403509,0,0,2.794486216,507017.5439,426666.6667,5.373433584
57.757580000000004,88.28283,1,1,9.444444,9545454.0,527272.7,1.7575759999999998
45.51515,93.48485,0,0,0.717172,13131.31,73636.36,6.25
52.651630000000004,80.40100251,0,0,3.726817043,636842.1053,324035.0877,5.598997494
51.45455,90.75758,0,0,0.050505,74747.47,52727.27,6.5
54.035090000000004,84.93734336,0,0,1.98245614,1219298.246,273859.6491,4.862155388
55.468669999999996,82.73182957,0,0,3.646616541,250877.193,264736.8421,5.493734336
53.09273,83.78446115,1,0,1.932330827,1201754.386,547543.8596,5.593984962
54.38596,82.35588972,0,0,2.5338345859999998,566666.6667,127894.7368,5.152882206
53.664159999999995,83.90977444,0,1,2.112781955,1170175.439,91403.50877,4.165413534
52.57143000000001,86.16541353,0,0,1.771929825,1461403.509,891929.8246,5.187969925
53.85464,87.69423559,0,1,3.696741855,152631.5789,850877.193,5.50877193
54.225559999999994,87.71929825,0,0,1.94235589,1240350.877,203157.8947,4.701754386
52.711780000000005,83.55889724,0,0,2.914786967,1057894.737,745964.9123,4.7669172930000006
54.60606,87.37374,1,1,8.939394,5909090.0,672727.3,2.484848
56.06061,86.26263,1,1,8.434343,1545454.0,263636.4,1.848485
55.21805,83.13283208,0,0,4.248120301,426315.7895,668421.0526,4.977443609
53.373430000000006,84.38596491,1,0,3.255639098,1447368.4209999999,919298.2456,5.1027568919999995
54.746869999999994,84.46115288,0,1,4.959899749,328070.1754,823508.7719,4.370927318000001
55.94987,84.98746867,0,0,3.626566416,415789.4737,971754.3859999999,5.363408521
54.275690000000004,90.0,0,0,4.889724311,791228.0702,609122.807,5.263157895
43.11111,93.43434,0,0,0.22222199999999998,43434.34,70909.09,6.5
53.63409,82.83208020000001,1,0,4.789473684,1092982.456,898771.9298,5.473684211
58.06061,88.58586,1,1,6.616161999999999,8818181.0,790909.1,2.333333
59.21212,81.91919,1,1,8.535354,2181818.0,181818.2,2.969697
54.20551,80.10025063,0,0,4.939849624,742105.2632,600000.0,6.0
54.06061,83.33333,0,1,5.555556,5272727.0,900000.0,1.333333
52.91228,87.51879699,0,0,4.679197995,1443859.649,424385.9649,4.5563909769999995
55.41855,80.9273183,0,0,3.26566416,198245.61399999997,394736.8421,5.934837093
54.11529,87.41854637,0,0,2.383458647,429824.5614,353684.2105,4.586466165
54.696740000000005,88.44611529,0,0,1.661654135,1415789.4740000002,812105.2632,4.486215539
55.29825,86.26566416,1,0,1.701754386,900000.0,221403.5088,4.5012531330000005
52.16162,90.70707,0,0,0.979798,56565.66,59090.91,6.25
52.85213,82.38095238,0,0,2.764411028,100000.0,251052.6316,5.914786967
53.32331,80.42606516,0,1,1.19047619,696491.2281,855438.5965,5.694235589
54.78788,81.31313,0,1,5.10101,3818182.0,454545.5,2.1515150000000003
55.649119999999996,81.77944862,0,0,2.6641604009999997,359649.1228,148421.0526,4.8972431080000005
54.165409999999994,82.03007519,0,0,2.263157895,443859.6491,659298.2456,5.147869674
53.16291,84.21052632,0,0,3.56641604,1173684.211,871403.5088,5.398496241
50.74747,92.12120999999999,0,0,0.262626,62626.26,76666.67,6.25
52.451130000000006,84.06015038,1,0,3.035087719,468421.0526,844035.0877,5.538847118
54.65664,85.63909774,0,0,1.681704261,949122.807,515614.0351,5.0676691730000005
46.92929,93.13131,0,0,0.47474700000000003,94949.49,54545.45,6.75
53.74436,89.17293233,0,0,1.972431078,773684.2105,730000.0,4.145363409
54.40602,89.12280702,1,0,1.621553885,1433333.333,903333.3333,5.744360902
55.107769999999995,86.31578947,0,1,1.310776942,700000.0,187192.9825,5.258145363
54.08521,82.90726817,0,1,1.992481203,1208771.93,885087.7193,5.80952381
55.7995,87.61904762,0,0,2.002506266,464912.2807,905614.0351,5.423558897
52.58586,92.57576,0,0,0.919192,60606.06,72121.21,6.5
42.54545,91.16162,0,0,0.191919,80808.08,60303.03,6.75
59.575759999999995,88.18182,1,1,7.676767999999999,9727272.0,681818.2,1.818182
55.88972,82.10526316,0,1,1.330827068,928070.1754,376491.2281,5.213032581
55.39394,83.13131,1,1,6.464646,8909090.0,936363.6,2.787879
54.46617,88.92230576,0,1,2.062656642,370175.4386,622807.0175,5.899749373
53.543859999999995,89.49874687,0,0,3.1453634089999998,647368.4211,714035.0877,5.749373434
56.424240000000005,87.27273000000001,1,1,9.747475,7272727.0,1000000.0,1.9393939999999998
59.45455,80.70707,1,1,7.0707070000000005,2272727.0,309090.9,3.5454550000000005
52.75188000000001,82.6566416,0,0,2.182957393,391228.0702,171228.0702,4.551378446
55.00751999999999,84.36090226,0,0,2.303258145,615789.4737,225964.9123,4.64160401
55.288219999999995,87.86967419,1,0,3.997493734,559649.1228,848596.4912,5.729323308
53.072680000000005,87.24310777,0,0,1.6917293230000001,938596.4912,782456.1404,4.756892231
52.531330000000004,81.37844612,0,0,4.6691729319999995,794736.8421,433508.7719,5.65914787
52.90226,86.36591479,0,0,2.0526315790000003,556140.3509,246491.2281,4.4611528819999995
55.348369999999996,89.67418546,0,0,3.065162907,303508.7719,207719.2982,4.135338346
52.79198,81.60401003,0,0,1.250626566,1282456.14,230526.3158,5.754385965
43.25253,90.35354,0,0,0.0,10101.01,66363.64,6.5
52.952380000000005,88.89724311,0,0,3.616541353,1142105.263,244210.5263,5.192982456
54.84712,83.18295739,1,0,2.142857143,1054385.965,333157.8947,4.947368421
55.70927,82.80701754,0,0,2.563909774,138596.4912,191754.38600000003,5.383458647
54.576440000000005,88.22055138,0,0,2.3734335840000003,219298.2456,248771.9298,5.20802005
49.19192,93.18182,0,0,0.393939,19191.92,69090.91,6.5
52.30303,93.73737,0,0,0.494949,52525.25,68181.82,6.25
57.333330000000004,86.06061,1,1,7.626263000000001,2454545.0,627272.7,2.69697
52.62155,86.51629073,0,0,4.20802005,1454385.965,267017.5439,4.115288221
55.98996999999999,81.85463659,0,0,1.902255639,243859.6491,593157.8947,4.86716792
47.07071,92.72726999999999,0,0,0.161616,96969.7,51515.15,6.25
55.609019999999994,86.61654135,0,1,2.874686717,1050877.193,383333.3333,4.305764411
53.62406,87.49373434,0,1,2.453634085,471929.8246,670701.7544,5.719298246
54.486219999999996,83.25814536,0,0,1.49122807,959649.1228,137017.5439,4.3659147869999995
54.48485,84.14141,1,1,8.383838,5636363.0,318181.8,1.272727
52.13033,82.20551378,0,0,2.5238095240000002,584210.5263,184912.2807,5.533834586
52.3609,80.27568922,0,0,3.215538847,261403.5088,800701.7544,5.974937343
52.63158000000001,87.01754386,1,0,2.403508772,749122.807,98245.61404,5.0275689219999995
55.228069999999995,80.62656642,0,0,2.73433584,549122.807,358245.614,5.724310777
51.31313,90.20201999999999,0,0,0.333333,92929.29,56969.7,6.0
54.12531,89.94987469,0,0,2.553884712,254385.9649,362807.0175,4.466165414
55.669169999999994,81.27819549,0,0,2.493734336,1482456.14,298947.3684,4.4060150380000005
55.729319999999994,86.01503759,0,1,3.345864662,1342105.263,166666.6667,4.94235589
52.84211,89.62406015,0,0,3.235588972,977192.9825,305789.4737,4.2005012530000005
55.077690000000004,84.66165414,1,0,3.746867168,1078947.368,410701.7544,5.874686717
52.230579999999996,84.83709273,0,0,1.401002506,1096491.228,750526.3158,5.463659148
59.69696999999999,82.62626,1,1,9.79798,3454545.0,890909.1,3.363636
54.31579,80.67669173,0,0,2.5839599,1264912.281,533859.6491,4.741854637
54.817040000000006,84.76190476,0,0,1.531328321,1373684.211,499649.1228,5.864661654
59.87879,89.89899,1,1,5.050505,8181817.0,709090.9,1.636364
55.3183,86.86716792,0,0,1.3709273180000001,1285964.912,111929.8246,5.0476190480000005
53.964909999999996,86.69172932,0,0,1.260651629,1419298.246,757368.4211,4.025062657
56.0,83.53535,1,1,5.909091,3090909.0,327272.7,2.878788
52.21053,88.62155388,0,0,2.8245614039999998,966666.6667,89122.80702000001,4.6867167919999995
53.55388000000001,83.35839599,0,0,4.428571429,342105.2632,618245.614,5.308270676999999
54.363640000000004,81.61616,1,1,9.090909,2818182.0,654545.5,3.4848480000000004
53.03258,82.98245614,0,0,4.0275689219999995,1212280.702,980877.193,5.1428571430000005
53.82456,84.3358396,0,0,3.817042607,1492982.456,691228.0702,4.8771929819999995
55.789469999999994,87.26817043,0,0,3.857142857,921052.6316,529298.2456,4.37593985
58.30303000000001,88.78788,1,1,9.545455,6727272.0,272727.3,2.212121
53.34336,83.83458647,0,0,3.556390977,229824.5614,581754.386,4.5213032580000005
52.290729999999996,85.0877193,0,0,3.957393484,135087.7193,84561.40351,4.8421052630000005
53.423559999999995,80.95238095,0,0,2.994987469,766666.6667,720877.193,4.591478696999999
54.01504,89.4235589,0,0,3.07518797,366666.6667,194035.0877,5.428571429
54.49624,88.4962406,1,0,4.2380952380000005,335087.7193,442631.5789,5.869674185
48.90909,93.23232,0,0,0.181818,93939.39,61212.12,6.0
55.575759999999995,88.68687,1,1,5.252525,2727273.0,245454.5,2.636364
58.48485,89.79798000000001,1,1,7.474747,6272727.0,872727.3,3.242424
54.04511,89.57393484,0,0,2.323308271,1198245.614,882807.0175,4.882205514
54.30303000000001,80.50505,1,1,8.030303,1818182.0,345454.5,1.212121
52.81203000000001,83.98496241,0,0,3.776942356,478947.3684,825789.4737,5.73433584
52.33083,84.63659148,0,0,1.832080201,963157.8947,196315.7895,5.323308271
56.30303000000001,81.51515,1,1,6.010101000000001,5545454.0,390909.1,2.393939
52.02005,83.63408521,0,0,4.5588972430000005,994736.8421,360526.3158,4.786967419
54.12121,86.56566,1,1,6.767677000000001,4000000.0,400000.0,1.69697
53.717169999999996,91.0101,0,0,0.8787879999999999,7070.706999999999,67878.79,6.75
56.84848,88.38384,1,1,6.818182000000001,8454545.0,927272.7,3.4545449999999995
51.87879,90.25253000000001,0,0,0.373737,89898.99,65454.55,6.0
41.272729999999996,94.24242,0,0,0.565657,24242.42,53939.39,6.0
52.4812,82.70676692,0,0,1.631578947,159649.1228,378771.9298,4.9323308269999995
53.393480000000004,80.5764411,0,0,4.187969925,1261403.509,205438.5965,5.794486216
55.09091,83.73737,1,1,5.808081,2000000.0,372727.3,2.121212
53.41353,85.83959899999999,0,0,4.4786967419999995,777192.9825,558947.3684,4.315789474
53.573930000000004,88.17042607,0,0,2.503759398,664912.2807,896491.2281,4.30075188
55.65915,89.44862155,0,0,1.090225564,1405263.158,716315.7895,4.511278195
54.61654,88.79699248,0,1,3.105263158,1071929.825,780175.4386,4.7268170430000005
52.30075,88.29573935,0,1,1.611528822,942105.2632,262456.1404,4.1203007519999995
45.373740000000005,92.42424,0,0,0.353535,25252.53,50303.03,7.0
53.17293000000001,88.87218045,0,0,1.5413533830000001,145614.0351,684385.9649,4.220551378
52.78195,87.96992481,0,0,3.586466165,271929.8246,82280.70175,5.839598997
53.433580000000006,89.09774436,0,0,4.0075187969999995,1012280.702,978596.4912,5.854636591
55.12781999999999,87.3433584,1,0,3.546365915,1128070.175,344561.4035,4.7067669169999995
58.363640000000004,82.22222,1,1,9.494949,2909091.0,636363.6,3.5151519999999996
53.70426,88.94736842,0,0,4.097744361,1356140.351,577192.9825,4.98245614
54.897240000000004,85.16290727,0,0,1.461152882,1019298.2459999999,723157.8947,5.228070175
55.44862,88.27067669,0,0,3.115288221,780701.7544,565789.4737,4.2155388469999995
54.957390000000004,86.39097744,0,0,1.360902256,1485964.9119999998,864561.4035,5.3283208019999995
54.095240000000004,86.14035088,0,0,3.165413534,601754.386,809824.5614,4.1604010030000005
60.0,80.10101,1,1,5.4545449999999995,1090909.0,445454.5,1.424242
52.7619,89.59899749,0,0,2.012531328,1152631.5790000001,807543.8596,5.513784461
53.575759999999995,91.26263,0,0,0.545455,0.0,64848.48,6.75
55.93985,80.12531328,0,0,4.899749373,233333.3333,212280.7018,4.676691729
55.588969999999996,87.29323308,0,0,1.280701754,496491.2281,508771.9298,4.476190476
52.61153,80.80200501,1,0,2.944862155,191228.0702,296666.6667,4.962406015
59.15152,89.09091,1,0,6.414141000000001,2363636.0,281818.2,1.454545
55.56892,81.00250627,0,0,4.278195489,531578.9474,777894.7368,5.097744361
55.757580000000004,86.46465,1,1,8.181818,4636363.0,409090.9,3.393939
54.0,86.16162,1,1,9.040403999999999,1454545.0,563636.4,2.575758
52.110279999999996,89.34837093,0,0,2.152882206,594736.8421,346842.1053,5.568922306
54.06516,82.50626566,0,0,1.180451128,808771.9298,390175.4386,4.922305764
53.75439,85.4887218,0,0,3.025062657,124561.4035,935263.1579,5.418546366
54.76691999999999,81.05263158,0,1,4.117794486,142105.2632,912456.1404,5.54887218
55.636359999999996,82.12120999999999,1,1,7.9292929999999995,1363636.0,354545.5,1.060606
49.61616,91.46465,0,0,0.666667,59595.96,70303.03,6.0
53.69424,84.73684211,0,0,2.894736842,454385.9649,419824.5614,4.796992481
55.73935,82.45614035,0,0,2.644110276,843859.6491,839473.6842,4.230576441
48.76768,92.22222,0,0,0.848485,53535.35,74545.45,7.0
41.69697,92.07070999999999,0,0,0.676768,1010.1010000000001,75757.58,6.5
52.18045,88.04511278,1,0,3.195488722,1426315.789,474561.4035,5.5839599
55.20802,85.58897243,0,0,4.7994987469999995,338596.4912,887368.4211,5.909774436
54.105259999999994,85.03759398,0,0,4.3884711780000005,1457894.737,182631.5789,4.015037594
55.25815,89.72431078,0,0,3.786967419,738596.4912,700350.8772,5.343358396
40.28283,93.08081,0,0,0.828283,14141.41,76969.7,6.0
55.017540000000004,88.42105263,0,0,3.686716792,1110526.3159999999,631929.8246,5.714285714
55.77945,87.14285714,0,0,2.082706767,580701.7544,595438.5965,4.872180451
46.08081,92.32323000000001,0,0,0.424242,39393.94,71212.12,6.75
53.132830000000006,86.34085213,0,0,2.0426065159999998,910526.3158,983157.8947,4.601503759
55.4787,80.32581454,1,0,4.3684210530000005,917543.8596,109649.1228,4.606516291
53.21303,85.36340852,0,1,4.418546366,517543.8596,328596.4912,5.543859649
59.27273,81.41414,1,1,9.69697,5454545.0,663636.4,3.636364
45.09091,93.33333,0,0,0.363636,35353.54,71515.15,6.5
54.927319999999995,85.51378446,0,1,2.704260652,710526.3158,955789.4737,4.411027569
52.94236,80.72681704,0,0,3.897243108,1436842.105,853157.8947,5.739348371
59.757580000000004,84.0404,1,1,7.222222,7545454.0,436363.6,3.969697
56.666669999999996,88.08081,1,1,5.606061,7363636.0,100000.0,3.181818
57.818180000000005,80.90909,1,1,9.393939,5090909.0,172727.3,1.8787880000000001
51.59596,94.44444,0,0,0.636364,83838.38,58787.88,6.75
53.43434,94.0404,0,0,0.9393940000000001,30303.03,66969.7,6.5
55.488719999999994,89.02255639,0,0,1.952380952,387719.2982,330877.193,5.077694236
52.44444,94.64646,0,0,0.929293,69696.97,60606.06,6.75
46.78788,91.31313,0,0,0.8585860000000001,22222.22,51212.12,6.5
55.9599,88.77192982,0,0,3.446115288,1033333.333,476842.1053,4.245614035
52.42105,89.04761905,0,0,2.844611529,598245.614,162105.2632,4.07518797
43.9596,92.9798,0,0,0.464646,33333.33,61818.18,6.75
52.802009999999996,80.87719298,1,0,2.3433583959999997,331578.9474,513333.3333,5.09273183
55.9198,85.11278195,0,0,1.0,805263.1579,948947.3684,5.127819549
56.0,84.03508772,0,0,3.837092732,812280.7018,428947.3684,4.531328321
54.87719,89.97493734,0,0,2.5137844609999997,156140.3509,134736.8421,4.636591479
